cbsa_fips,cbsa,city_fips,city,peak_yr,peak_pop,decades_since_peak,pop_2010,decline_since_peak,age,census_yr,pop
10180,"Abilene, TX",4801000,Abilene city,2010,117063,0,117063,0,50,pop_1960,90368
10420,"Akron, OH",3901000,Akron city,1960,290351,5,199110,0.31424379457966395,100,pop_1910,69067
10500,"Albany, GA",1301052,Albany city,1990,78122,2,77434,0.008806738178746065,50,pop_1960,55890
10540,"Albany, OR",4101000,Albany city,2010,50158,0,50158,0,0,pop_2010,50158
10580,"Albany-Schenectady-Troy, NY",3601000,Albany city,1950,134995,6,97856,0.2751138931071521,160,pop_1850,50763
10740,"Albuquerque, NM",3502000,Albuquerque city,2010,545852,0,545852,0,60,pop_1950,96815
10780,"Alexandria, LA",2200975,Alexandria city,1980,51648,3,47723,0.07599519826517968,30,pop_1980,51648
10900,"Allentown-Bethlehem-Easton, PA-NJ",4202000,Allentown city,2010,118032,0,118032,0,100,pop_1910,51913
11020,"Altoona, PA",4202184,Altoona city,1930,82054,8,46320,0.4354936992712116,100,pop_1910,52127
11100,"Amarillo, TX",4803000,Amarillo city,2010,190695,0,190695,0,70,pop_1940,51686
11180,"Ames, IA",1901855,Ames city,2010,58965,0,58965,0,10,pop_2000,50731
11260,"Anchorage, AK",203000,Anchorage municipality,2010,291826,0,291826,0,30,pop_1980,174431
11460,"Ann Arbor, MI",2603000,Ann Arbor city,2000,114024,1,113934,7.893075142075352e-4,50,pop_1960,67340
11500,"Anniston-Oxford-Jacksonville, AL",101852,Anniston city,1960,33320,5,23106,0.30654261704681873,NA,NA,NA
11540,"Appleton, WI",5502375,Appleton city,2010,72623,0,72623,0,40,pop_1970,56377
11700,"Asheville, NC",3702140,Asheville city,2010,83393,0,83393,0,80,pop_1930,50193
12020,"Athens-Clarke County, GA",1303440,Athens-Clarke County (balance),2010,115452,0,115452,0,10,pop_2000,100266
12060,"Atlanta-Sandy Springs-Roswell, GA",1304000,Atlanta city,1970,495039,4,420003,0.1515759364413713,120,pop_1890,65533
12100,"Atlantic City-Hammonton, NJ",3402080,Atlantic City city,1930,66198,8,39558,0.4024290764071422,90,pop_1920,50707
12220,"Auburn-Opelika, AL",103076,Auburn city,2010,53380,0,53380,0,0,pop_2010,53380
12260,"Augusta-Richmond County, GA-SC",1304204,Augusta-Richmond County (balance),2010,195844,0,195844,0,90,pop_1920,52548
12420,"Austin-Round Rock, TX",4805000,Austin city,2010,790390,0,790390,0,80,pop_1930,53120
12540,"Bakersfield, CA",603526,Bakersfield city,2010,347483,0,347483,0,50,pop_1960,56848
12580,"Baltimore-Columbia-Towson, MD",2404000,Baltimore city,1950,949708,6,620961,0.3461558710677387,190,pop_1820,62738
12620,"Bangor, ME",2302795,Bangor city,1960,38912,5,33039,0.1509303042763158,NA,NA,NA
12700,"Barnstable Town, MA",2503690,Barnstable Town city,2000,47821,1,45193,0.05495493611593233,NA,NA,NA
12940,"Baton Rouge, LA",2205000,Baton Rouge city,2010,229493,0,229493,0,60,pop_1950,125629
12980,"Battle Creek, MI",2605920,Battle Creek city,1990,53540,2,52347,0.02228240567799776,20,pop_1990,53540
13020,"Bay City, MI",2606020,Bay City city,1960,53604,5,34932,0.34833221401387954,60,pop_1950,52523
13140,"Beaumont-Port Arthur, TX",4807000,Beaumont city,1960,119175,5,118296,0.007375707992448081,80,pop_1930,57732
13220,"Beckley, WV",5405332,Beckley city,1980,20492,3,17614,0.1404450517275034,NA,NA,NA
13380,"Bellingham, WA",5305280,Bellingham city,2010,80885,0,80885,0,20,pop_1990,52179
13460,"Bend-Redmond, OR",4105800,Bend city,2010,76639,0,76639,0,10,pop_2000,52029
13740,"Billings, MT",3006550,Billings city,2010,104170,0,104170,0,50,pop_1960,52851
13780,"Binghamton, NY",3606607,Binghamton city,1950,80674,6,47376,0.4127476014577187,90,pop_1920,66800
13820,"Birmingham-Hoover, AL",107000,Birmingham city,1960,340887,5,212237,0.37739778871004176,100,pop_1910,132685
13900,"Bismarck, ND",3807200,Bismarck city,2010,61272,0,61272,0,10,pop_2000,55532
13980,"Blacksburg-Christiansburg-Radford, VA",5107784,Blacksburg town,2010,42620,0,42620,0,NA,NA,NA
14010,"Bloomington, IL",1706613,Bloomington city,2010,76610,0,76610,0,20,pop_1990,51976
14020,"Bloomington, IN",1805860,Bloomington city,2010,80405,0,80405,0,30,pop_1980,52044
14100,"Bloomsburg-Berwick, PA",4207128,Bloomsburg town,2010,14855,0,14855,0,NA,NA,NA
14260,"Boise City, ID",1608830,Boise City city,2010,205671,0,205671,0,40,pop_1970,74990
14460,"Boston-Cambridge-Newton, MA-NH",2507000,Boston city,1950,801444,6,617594,0.22939843582333888,180,pop_1830,61392
14500,"Boulder, CO",807850,Boulder city,2010,97385,0,97385,0,40,pop_1970,66870
14540,"Bowling Green, KY",2108902,Bowling Green city,2010,58067,0,58067,0,0,pop_2010,58067
14740,"Bremerton-Silverdale, WA",5307695,Bremerton city,1990,38142,2,37729,0.010827958680719417,NA,NA,NA
14860,"Bridgeport-Stamford-Norwalk, CT",908000,Bridgeport city,1950,158709,6,144229,0.09123616178036532,110,pop_1900,70996
15180,"Brownsville-Harlingen, TX",4810768,Brownsville city,2010,175023,0,175023,0,40,pop_1970,52522
15260,"Brunswick, GA",1311560,Brunswick city,1960,21703,5,15383,0.29120398101644934,NA,NA,NA
15380,"Buffalo-Cheektowaga-Niagara Falls, NY",3611000,Buffalo city,1950,580132,6,261310,0.5495680293450456,150,pop_1860,81129
15500,"Burlington, NC",3709060,Burlington city,2010,49963,0,49963,0,NA,NA,NA
15540,"Burlington-South Burlington, VT",5010675,Burlington city,2010,42417,0,42417,0,NA,NA,NA
15940,"Canton-Massillon, OH",3912000,Canton city,1950,116912,6,73007,0.3755388668400164,100,pop_1910,50217
15980,"Cape Coral-Fort Myers, FL",1210275,Cape Coral city,2010,154305,0,154305,0,20,pop_1990,74991
16020,"Cape Girardeau, MO-IL",2911242,Cape Girardeau city,2010,37941,0,37941,0,NA,NA,NA
16060,"Carbondale-Marion, IL",1711163,Carbondale city,1990,27033,2,25902,0.041837753856397736,NA,NA,NA
16180,"Carson City, NV",3209700,Carson City,2010,55274,0,55274,0,10,pop_2000,52457
16220,"Casper, WY",5613150,Casper city,2010,55316,0,55316,0,30,pop_1980,51016
16300,"Cedar Rapids, IA",1912000,Cedar Rapids city,2010,126326,0,126326,0,80,pop_1930,56097
16540,"Chambersburg-Waynesboro, PA",4212536,Chambersburg borough,2010,20268,0,20268,0,NA,NA,NA
16580,"Champaign-Urbana, IL",1712385,Champaign city,2010,81055,0,81055,0,40,pop_1970,56837
16620,"Charleston, WV",5414600,Charleston city,1960,85796,5,51400,0.40090447107091237,80,pop_1930,60408
16700,"Charleston-North Charleston, SC",4513330,Charleston city,2010,120083,0,120083,0,120,pop_1890,54955
16740,"Charlotte-Concord-Gastonia, NC-SC",3712000,Charlotte city,2010,731424,0,731424,0,80,pop_1930,82675
16820,"Charlottesville, VA",5114968,Charlottesville city,2010,43475,0,43475,0,NA,NA,NA
16860,"Chattanooga, TN-GA",4714000,Chattanooga city,1980,169514,3,167674,0.010854560685253135,90,pop_1920,57895
16940,"Cheyenne, WY",5613900,Cheyenne city,2010,59466,0,59466,0,20,pop_1990,50008
16980,"Chicago-Naperville-Elgin, IL-IN-WI",1714000,Chicago city,1950,3620962,6,2695598,0.2555575010176854,150,pop_1860,112172
17020,"Chico, CA",613014,Chico city,2010,86187,0,86187,0,10,pop_2000,59954
17140,"Cincinnati, OH-KY-IN",3915000,Cincinnati city,1950,503998,6,296945,0.4108210746868043,160,pop_1850,115435
17300,"Clarksville, TN-KY",4715160,Clarksville city,2010,132929,0,132929,0,30,pop_1980,54777
17420,"Cleveland, TN",4715400,Cleveland city,2010,41285,0,41285,0,NA,NA,NA
17460,"Cleveland-Elyria, OH",3916000,Cleveland city,1950,914808,6,396815,0.5662313840718489,140,pop_1870,92829
17660,"Coeur d'Alene, ID",1616750,Coeur d'Alene city,2010,44137,0,44137,0,NA,NA,NA
17780,"College Station-Bryan, TX",4815976,College Station city,2010,93857,0,93857,0,20,pop_1990,52456
17820,"Colorado Springs, CO",816000,Colorado Springs city,2010,416427,0,416427,0,50,pop_1960,70194
17860,"Columbia, MO",2915670,Columbia city,2010,108500,0,108500,0,40,pop_1970,58521
17900,"Columbia, SC",4516000,Columbia city,2010,129272,0,129272,0,80,pop_1930,51581
17980,"Columbus, GA-AL",1319000,Columbus city (balance),2010,189885,0,189885,0,70,pop_1940,53280
18020,"Columbus, IN",1814734,Columbus city,2010,44061,0,44061,0,NA,NA,NA
18140,"Columbus, OH",3918000,Columbus city,2010,787033,0,787033,0,130,pop_1880,51647
18580,"Corpus Christi, TX",4817000,Corpus Christi city,2010,305215,0,305215,0,70,pop_1940,57301
18700,"Corvallis, OR",4115800,Corvallis city,2010,54462,0,54462,0,0,pop_2010,54462
18880,"Crestview-Fort Walton Beach-Destin, FL",1224475,Fort Walton Beach city,1990,21471,2,19507,0.09147221834101811,NA,NA,NA
19060,"Cumberland, MD-WV",2421325,Cumberland city,1940,39483,7,20859,0.4716966795836183,NA,NA,NA
19100,"Dallas-Fort Worth-Arlington, TX",4819000,Dallas city,2010,1197816,0,1197816,0,100,pop_1910,92104
19140,"Dalton, GA",1321380,Dalton city,2010,33128,0,33128,0,NA,NA,NA
19180,"Danville, IL",1718563,Danville city,1970,42570,4,33027,0.22417195207892882,NA,NA,NA
19300,"Daphne-Fairhope-Foley, AL",119648,Daphne city,2010,21570,0,21570,0,NA,NA,NA
19340,"Davenport-Moline-Rock Island, IA-IL",1919000,Davenport city,1980,103264,3,99685,0.03465873876665634,90,pop_1920,56727
19380,"Dayton, OH",3921000,Dayton city,1960,262332,5,141759,0.4596198710031563,120,pop_1890,61220
19460,"Decatur, AL",120104,Decatur city,2010,55683,0,55683,0,10,pop_2000,53929
19500,"Decatur, IL",1718823,Decatur city,1980,93939,3,76122,0.18966563408169132,80,pop_1930,57510
19660,"Deltona-Daytona Beach-Ormond Beach, FL",1217200,Deltona city,2010,85182,0,85182,0,10,pop_2000,69543
19740,"Denver-Aurora-Lakewood, CO",820000,Denver city,2010,600158,0,600158,0,120,pop_1890,106713
19780,"Des Moines-West Des Moines, IA",1921000,Des Moines city,1960,208982,5,203433,0.026552526054875538,120,pop_1890,50093
19820,"Detroit-Warren-Dearborn, MI",2622000,Detroit city,1950,1849568,6,713777,0.6140844781051575,140,pop_1870,79577
20020,"Dothan, AL",121184,Dothan city,2010,65496,0,65496,0,20,pop_1990,53589
20100,"Dover, DE",1021200,Dover city,2010,36047,0,36047,0,NA,NA,NA
20220,"Dubuque, IA",1922395,Dubuque city,1980,62374,3,57637,0.07594510533235002,50,pop_1960,56606
20260,"Duluth, MN-WI",2717000,Duluth city,1960,106884,5,86265,0.1929100707308858,110,pop_1900,52969
20500,"Durham-Chapel Hill, NC",3719000,Durham city,2010,228330,0,228330,0,80,pop_1930,52037
20700,"East Stroudsburg, PA",4221872,East Stroudsburg borough,2000,9888,1,9840,0.0048543689320388345,NA,NA,NA
20740,"Eau Claire, WI",5522300,Eau Claire city,2010,65883,0,65883,0,30,pop_1980,51509
20940,"El Centro, CA",621782,El Centro city,2010,42598,0,42598,0,NA,NA,NA
21060,"Elizabethtown-Fort Knox, KY",2124274,Elizabethtown city,2010,28531,0,28531,0,NA,NA,NA
21140,"Elkhart-Goshen, IN",1820728,Elkhart city,2000,51874,1,50949,0.01783166904422254,10,pop_2000,51874
21300,"Elmira, NY",3624229,Elmira city,1950,49716,6,29200,0.41266393112881167,NA,NA,NA
21340,"El Paso, TX",4824000,El Paso city,2010,649121,0,649121,0,90,pop_1920,77560
21500,"Erie, PA",4224000,Erie city,1960,138440,5,101786,0.2647645189251661,110,pop_1900,52733
21660,"Eugene, OR",4123850,Eugene city,2010,156185,0,156185,0,50,pop_1960,50977
21780,"Evansville, IN-KY",1822000,Evansville city,1960,141543,5,117429,0.17036518937707976,120,pop_1890,50756
21820,"Fairbanks, AK",224230,Fairbanks city,2010,31535,0,31535,0,NA,NA,NA
22020,"Fargo, ND-MN",3825700,Fargo city,2010,105549,0,105549,0,40,pop_1970,53365
22140,"Farmington, NM",3525800,Farmington city,2010,45877,0,45877,0,NA,NA,NA
22180,"Fayetteville, NC",3722920,Fayetteville city,2010,200564,0,200564,0,40,pop_1970,53510
22220,"Fayetteville-Springdale-Rogers, AR-MO",523290,Fayetteville city,2010,73580,0,73580,0,10,pop_2000,58047
22380,"Flagstaff, AZ",423620,Flagstaff city,2010,65870,0,65870,0,10,pop_2000,52894
22420,"Flint, MI",2629000,Flint city,1960,196940,5,102434,0.4798720422463695,90,pop_1920,91599
22500,"Florence, SC",4525810,Florence city,2010,37056,0,37056,0,NA,NA,NA
22520,"Florence-Muscle Shoals, AL",126896,Florence city,2010,39319,0,39319,0,NA,NA,NA
22540,"Fond du Lac, WI",5526275,Fond du Lac city,2010,43021,0,43021,0,NA,NA,NA
22660,"Fort Collins, CO",827425,Fort Collins city,2010,143986,0,143986,0,30,pop_1980,65092
22900,"Fort Smith, AR-OK",524550,Fort Smith city,2010,86209,0,86209,0,50,pop_1960,52991
23060,"Fort Wayne, IN",1825000,Fort Wayne city,2010,253691,0,253691,0,100,pop_1910,63933
23420,"Fresno, CA",627000,Fresno city,2010,494665,0,494665,0,80,pop_1930,52513
23460,"Gadsden, AL",128696,Gadsden city,1960,58088,5,36856,0.3655143919570307,60,pop_1950,55725
23540,"Gainesville, FL",1225175,Gainesville city,2010,124354,0,124354,0,40,pop_1970,64510
23580,"Gainesville, GA",1331908,Gainesville city,2010,33804,0,33804,0,NA,NA,NA
23900,"Gettysburg, PA",4228960,Gettysburg borough,1960,7960,5,7620,0.04271356783919598,NA,NA,NA
24020,"Glens Falls, NY",3629333,Glens Falls city,1950,19610,6,14700,0.25038245792962777,NA,NA,NA
24140,"Goldsboro, NC",3726880,Goldsboro city,1990,40709,2,36437,0.10493993957110222,NA,NA,NA
24220,"Grand Forks, ND-MN",3832060,Grand Forks city,2010,52838,0,52838,0,0,pop_2010,52838
24260,"Grand Island, NE",3119595,Grand Island city,2010,48520,0,48520,0,NA,NA,NA
24300,"Grand Junction, CO",831660,Grand Junction city,2010,58566,0,58566,0,0,pop_2010,58566
24340,"Grand Rapids-Wyoming, MI",2634000,Grand Rapids city,2000,197800,1,188040,0.049342770475227504,120,pop_1890,60278
24420,"Grants Pass, OR",4130550,Grants Pass city,2010,34533,0,34533,0,NA,NA,NA
24500,"Great Falls, MT",3032800,Great Falls city,1970,60091,4,58505,0.026393303489707278,50,pop_1960,55244
24540,"Greeley, CO",832155,Greeley city,2010,92889,0,92889,0,30,pop_1980,53006
24580,"Green Bay, WI",5531000,Green Bay city,2010,104057,0,104057,0,60,pop_1950,52735
24660,"Greensboro-High Point, NC",3728000,Greensboro city,2010,269666,0,269666,0,80,pop_1930,53569
24780,"Greenville, NC",3728080,Greenville city,2010,84554,0,84554,0,10,pop_2000,60476
24860,"Greenville-Anderson-Mauldin, SC",4530850,Greenville city,1960,66188,5,58409,0.11752885719465764,60,pop_1950,58161
25060,"Gulfport-Biloxi-Pascagoula, MS",2829700,Gulfport city,2000,71127,1,67793,0.04687390161260843,10,pop_2000,71127
25180,"Hagerstown-Martinsburg, MD-WV",2436075,Hagerstown city,2010,39662,0,39662,0,NA,NA,NA
25220,"Hammond, LA",2232755,Hammond city,2010,20019,0,20019,0,NA,NA,NA
25260,"Hanford-Corcoran, CA",631960,Hanford city,2010,53967,0,53967,0,0,pop_2010,53967
25420,"Harrisburg-Carlisle, PA",4232800,Harrisburg city,1950,89544,6,49528,0.4468864468864469,110,pop_1900,50167
25500,"Harrisonburg, VA",5135624,Harrisonburg city,2010,48914,0,48914,0,NA,NA,NA
25540,"Hartford-West Hartford-East Hartford, CT",937000,Hartford city,1950,177397,6,124775,0.29663410316972666,120,pop_1890,53230
25620,"Hattiesburg, MS",2831020,Hattiesburg city,2010,45989,0,45989,0,NA,NA,NA
25860,"Hickory-Lenoir-Morganton, NC",3731060,Hickory city,2010,40010,0,40010,0,NA,NA,NA
25940,"Hilton Head Island-Bluffton-Beaufort, SC",4534045,Hilton Head Island town,2010,37099,0,37099,0,NA,NA,NA
25980,"Hinesville, GA",1338964,Hinesville city,2010,33437,0,33437,0,NA,NA,NA
26300,"Hot Springs, AR",533400,Hot Springs city,1980,35781,3,35193,0.016433302590760458,NA,NA,NA
26380,"Houma-Thibodaux, LA",2236255,Houma city,2010,33727,0,33727,0,NA,NA,NA
26420,"Houston-The Woodlands-Sugar Land, TX",4835000,Houston city,2010,2099451,0,2099451,0,100,pop_1910,78800
26580,"Huntington-Ashland, WV-KY-OH",5439460,Huntington city,1950,86353,6,49138,0.4309636028858291,90,pop_1920,50177
26620,"Huntsville, AL",137000,Huntsville city,2010,180105,0,180105,0,50,pop_1960,72365
26820,"Idaho Falls, ID",1639700,Idaho Falls city,2010,56813,0,56813,0,10,pop_2000,50730
26900,"Indianapolis-Carmel-Anderson, IN",1836003,Indianapolis city (balance),2010,820445,0,820445,0,130,pop_1880,75056
26980,"Iowa City, IA",1938595,Iowa City city,2010,67862,0,67862,0,30,pop_1980,50508
27060,"Ithaca, NY",3638077,Ithaca city,2010,30014,0,30014,0,NA,NA,NA
27100,"Jackson, MI",2641420,Jackson city,1930,55187,8,33534,0.3923568956457137,80,pop_1930,55187
27140,"Jackson, MS",2836000,Jackson city,1980,202895,3,173514,0.14480889129845487,70,pop_1940,62107
27180,"Jackson, TN",4737640,Jackson city,2010,65211,0,65211,0,10,pop_2000,59643
27260,"Jacksonville, FL",1235000,Jacksonville city,2010,821784,0,821784,0,100,pop_1910,57699
27340,"Jacksonville, NC",3734200,Jacksonville city,2010,70145,0,70145,0,10,pop_2000,66715
27500,"Janesville-Beloit, WI",5537825,Janesville city,2010,63575,0,63575,0,30,pop_1980,51071
27620,"Jefferson City, MO",2937000,Jefferson City city,2010,43079,0,43079,0,NA,NA,NA
27740,"Johnson City, TN",4738320,Johnson City city,2010,63152,0,63152,0,10,pop_2000,55469
27780,"Johnstown, PA",4238288,Johnstown city,1920,67327,9,20978,0.688416237170823,100,pop_1910,55482
27860,"Jonesboro, AR",535710,Jonesboro city,2010,67263,0,67263,0,10,pop_2000,55515
27900,"Joplin, MO",2937592,Joplin city,2010,50150,0,50150,0,0,pop_2010,50150
27980,"Kahului-Wailuku-Lahaina, HI",1522700,Kahului CDP,2010,26337,0,26337,0,NA,NA,NA
28020,"Kalamazoo-Portage, MI",2642160,Kalamazoo city,1970,85555,4,74262,0.1319969610192274,80,pop_1930,54786
28100,"Kankakee, IL",1738934,Kankakee city,1980,29633,3,27537,0.07073195424020517,NA,NA,NA
28140,"Kansas City, MO-KS",2938000,Kansas City city,1970,507087,4,459787,0.09327787933825951,130,pop_1880,55785
28420,"Kennewick-Richland, WA",5335275,Kennewick city,2010,73917,0,73917,0,10,pop_2000,54693
28660,"Killeen-Temple, TX",4839148,Killeen city,2010,127921,0,127921,0,20,pop_1990,63535
28700,"Kingsport-Bristol-Bristol, TN-VA",4739560,Kingsport city,2010,48205,0,48205,0,NA,NA,NA
28740,"Kingston, NY",3639727,Kingston city,1960,29260,5,23893,0.18342447026657552,NA,NA,NA
28940,"Knoxville, TN",4740000,Knoxville city,2010,178874,0,178874,0,90,pop_1920,77818
29020,"Kokomo, IN",1840392,Kokomo city,1980,47808,3,45468,0.04894578313253012,NA,NA,NA
29100,"La Crosse-Onalaska, WI-MN",5540775,La Crosse city,2000,51818,1,51320,0.00961056003705276,40,pop_1970,50286
29180,"Lafayette, LA",2240735,Lafayette city,2010,120623,0,120623,0,40,pop_1970,68908
29200,"Lafayette-West Lafayette, IN",1840788,Lafayette city,2010,67140,0,67140,0,10,pop_2000,56397
29340,"Lake Charles, LA",2241155,Lake Charles city,1970,77998,4,71993,0.0769891535680402,50,pop_1960,63392
29420,"Lake Havasu City-Kingman, AZ",439370,Lake Havasu City city,2010,52527,0,52527,0,0,pop_2010,52527
29460,"Lakeland-Winter Haven, FL",1238250,Lakeland city,2010,97422,0,97422,0,20,pop_1990,70576
29540,"Lancaster, PA",4241216,Lancaster city,1950,63774,6,59322,0.06980901307742968,90,pop_1920,53159
29620,"Lansing-East Lansing, MI",2646000,Lansing city,1970,131403,4,114297,0.130179676263099,90,pop_1920,57327
29700,"Laredo, TX",4841464,Laredo city,2010,236091,0,236091,0,60,pop_1950,51910
29740,"Las Cruces, NM",3539380,Las Cruces city,2010,97618,0,97618,0,20,pop_1990,57866
29820,"Las Vegas-Henderson-Paradise, NV",3240000,Las Vegas city,2010,583756,0,583756,0,50,pop_1960,64405
29940,"Lawrence, KS",2038900,Lawrence city,2010,87643,0,87643,0,30,pop_1980,52738
30020,"Lawton, OK",4041850,Lawton city,2010,96867,0,96867,0,50,pop_1960,61697
30140,"Lebanon, PA",4242168,Lebanon city,1960,30045,5,25477,0.15203860875353636,NA,NA,NA
30300,"Lewiston, ID-WA",1646540,Lewiston city,2010,31894,0,31894,0,NA,NA,NA
30340,"Lewiston-Auburn, ME",2338740,Lewiston city,1970,41779,4,36592,0.12415328274970679,NA,NA,NA
30460,"Lexington-Fayette, KY",2146027,Lexington-Fayette,2010,295803,0,295803,0,60,pop_1950,55534
30620,"Lima, OH",3943554,Lima city,1970,53734,4,38771,0.27846428704358506,60,pop_1950,50246
30700,"Lincoln, NE",3128000,Lincoln city,2010,258379,0,258379,0,120,pop_1890,55154
30780,"Little Rock-North Little Rock-Conway, AR",541000,Little Rock city,2010,193524,0,193524,0,90,pop_1920,65142
30860,"Logan, UT-ID",4945860,Logan city,2010,48174,0,48174,0,NA,NA,NA
30980,"Longview, TX",4843888,Longview city,2010,80455,0,80455,0,30,pop_1980,62762
31020,"Longview, WA",5340245,Longview city,2010,36648,0,36648,0,NA,NA,NA
31080,"Los Angeles-Long Beach-Anaheim, CA",644000,Los Angeles city,2010,3792621,0,3792621,0,120,pop_1890,50395
31140,"Louisville/Jefferson County, KY-IN",2148006,Louisville city,2010,597337,0,597337,0,150,pop_1860,68033
31180,"Lubbock, TX",4845000,Lubbock city,2010,229573,0,229573,0,60,pop_1950,71747
31340,"Lynchburg, VA",5147672,Lynchburg city,2010,75568,0,75568,0,50,pop_1960,54790
31420,"Macon, GA",1349000,Macon city,1970,122423,4,91351,0.2538085163735573,90,pop_1920,52995
31460,"Madera, CA",645022,Madera city,2010,61416,0,61416,0,0,pop_2010,61416
31540,"Madison, WI",5548000,Madison city,2010,233209,0,233209,0,80,pop_1930,57899
31700,"Manchester-Nashua, NH",3345140,Manchester city,2010,109565,0,109565,0,110,pop_1900,56987
31740,"Manhattan, KS",2044250,Manhattan city,2010,52281,0,52281,0,0,pop_2010,52281
31860,"Mankato-North Mankato, MN",2739878,Mankato city,2010,39309,0,39309,0,NA,NA,NA
31900,"Mansfield, OH",3947138,Mansfield city,1970,55047,4,47821,0.13126964230566607,40,pop_1970,55047
32580,"McAllen-Edinburg-Mission, TX",4845384,McAllen city,2010,129877,0,129877,0,30,pop_1980,66281
32780,"Medford, OR",4147000,Medford city,2010,74907,0,74907,0,10,pop_2000,63154
32820,"Memphis, TN-MS-AR",4748000,Memphis city,2000,650100,1,646889,0.004939240116905092,120,pop_1890,64495
32900,"Merced, CA",646898,Merced city,2010,78958,0,78958,0,20,pop_1990,56216
33100,"Miami-Fort Lauderdale-West Palm Beach, FL",1245000,Miami city,2010,399457,0,399457,0,80,pop_1930,110637
33140,"Michigan City-La Porte, IN",1848798,Michigan City city,1970,39369,4,31479,0.20041149127486094,NA,NA,NA
33220,"Midland, MI",2653780,Midland city,2010,41863,0,41863,0,NA,NA,NA
33260,"Midland, TX",4848072,Midland city,2010,111147,0,111147,0,50,pop_1960,62625
33340,"Milwaukee-Waukesha-West Allis, WI",5553000,Milwaukee city,1960,741324,5,594833,0.19760725404816248,140,pop_1870,71440
33460,"Minneapolis-St. Paul-Bloomington, MN-WI",2743000,Minneapolis city,1950,521718,6,382578,0.2666958011799478,120,pop_1890,164738
33540,"Missoula, MT",3050200,Missoula city,2010,66788,0,66788,0,10,pop_2000,57053
33660,"Mobile, AL",150000,Mobile city,1980,200452,3,195111,0.026644782790892583,100,pop_1910,51521
33700,"Modesto, CA",648354,Modesto city,2010,201165,0,201165,0,40,pop_1970,61712
33740,"Monroe, LA",2251410,Monroe city,1980,57597,3,48815,0.15247321909127212,50,pop_1960,52219
33780,"Monroe, MI",2655020,Monroe city,1970,23894,4,20733,0.13229262576379008,NA,NA,NA
33860,"Montgomery, AL",151000,Montgomery city,2010,205764,0,205764,0,80,pop_1930,66079
34060,"Morgantown, WV",5455756,Morgantown city,2010,29660,0,29660,0,NA,NA,NA
34100,"Morristown, TN",4750280,Morristown city,2010,29137,0,29137,0,NA,NA,NA
34580,"Mount Vernon-Anacortes, WA",5347560,Mount Vernon city,2010,31743,0,31743,0,NA,NA,NA
34620,"Muncie, IN",1851876,Muncie city,1980,76460,3,70085,0.08337692911326183,60,pop_1950,58479
34740,"Muskegon, MI",2656320,Muskegon city,1950,48429,6,38401,0.2070660141650664,NA,NA,NA
34820,"Myrtle Beach-Conway-North Myrtle Beach, SC-NC",4549075,Myrtle Beach city,2010,27109,0,27109,0,NA,NA,NA
34900,"Napa, CA",650258,Napa city,2010,76915,0,76915,0,30,pop_1980,50879
34940,"Naples-Immokalee-Marco Island, FL",1247625,Naples city,2000,20976,1,19537,0.0686022120518688,NA,NA,NA
34980,"Nashville-Davidson--Murfreesboro--Franklin, TN",4752006,Nashville-Davidson (balance),2010,601222,0,601222,0,120,pop_1890,76168
35100,"New Bern, NC",3746340,New Bern city,2010,29524,0,29524,0,NA,NA,NA
35300,"New Haven-Milford, CT",952000,New Haven city,1950,164443,6,129779,0.21079644618500026,140,pop_1870,50840
35380,"New Orleans-Metairie, LA",2255000,New Orleans city,1960,627525,5,343829,0.45208716784191866,170,pop_1840,102193
35620,"New York-Newark-Jersey City, NY-NJ-PA",3651000,New York city,2010,8175133,0,8175133,0,210,pop_1800,79216
35660,"Niles-Benton Harbor, MI",2657760,Niles city,1960,13842,5,11600,0.1619708134662621,NA,NA,NA
35840,"North Port-Sarasota-Bradenton, FL",1264175,Sarasota city,2000,52715,1,51917,0.015138006260077776,20,pop_1990,50961
35980,"Norwich-New London, CT",956200,Norwich city,1970,41739,4,40493,0.029852176621385274,NA,NA,NA
36100,"Ocala, FL",1250750,Ocala city,2010,56315,0,56315,0,0,pop_2010,56315
36140,"Ocean City, NJ",3454360,Ocean City city,1990,15512,2,11701,0.24568076328004126,NA,NA,NA
36220,"Odessa, TX",4853388,Odessa city,2010,99940,0,99940,0,50,pop_1960,80338
36260,"Ogden-Clearfield, UT",4955980,Ogden city,2010,82825,0,82825,0,60,pop_1950,57112
36420,"Oklahoma City, OK",4055000,Oklahoma City city,2010,579999,0,579999,0,100,pop_1910,64205
36500,"Olympia-Tumwater, WA",5351300,Olympia city,2010,46478,0,46478,0,NA,NA,NA
36540,"Omaha-Council Bluffs, NE-IA",3137000,Omaha city,2010,408958,0,408958,0,120,pop_1890,140452
36740,"Orlando-Kissimmee-Sanford, FL",1253000,Orlando city,2010,238300,0,238300,0,60,pop_1950,52367
36780,"Oshkosh-Neenah, WI",5560500,Oshkosh city,2010,66083,0,66083,0,40,pop_1970,53082
36980,"Owensboro, KY",2158620,Owensboro city,2010,57265,0,57265,0,40,pop_1970,50329
37100,"Oxnard-Thousand Oaks-Ventura, CA",654652,Oxnard city,2010,197899,0,197899,0,40,pop_1970,71225
37340,"Palm Bay-Melbourne-Titusville, FL",1254000,Palm Bay city,2010,103190,0,103190,0,20,pop_1990,62632
37460,"Panama City, FL",1254700,Panama City city,2010,36484,0,36484,0,NA,NA,NA
37620,"Parkersburg-Vienna, WV",5462140,Parkersburg city,1960,44797,5,31492,0.2970064959707123,NA,NA,NA
37860,"Pensacola-Ferry Pass-Brent, FL",1255925,Pensacola city,1970,59507,4,51923,0.1274471910867629,50,pop_1960,56752
37900,"Peoria, IL",1759000,Peoria city,1970,126963,4,115007,0.09416916739522538,110,pop_1900,56100
37980,"Philadelphia-Camden-Wilmington, PA-NJ-DE-MD",4260000,Philadelphia city,1950,2071605,6,1526006,0.26337018881495267,200,pop_1810,53722
38060,"Phoenix-Mesa-Scottsdale, AZ",455000,Phoenix city,2010,1445632,0,1445632,0,70,pop_1940,65414
38220,"Pine Bluff, AR",555310,Pine Bluff city,1970,57389,4,49083,0.14473156876753385,40,pop_1970,57389
38300,"Pittsburgh, PA",4261000,Pittsburgh city,1950,676806,6,305704,0.5483136969825918,140,pop_1870,86076
38340,"Pittsfield, MA",2553960,Pittsfield city,1960,57879,5,44737,0.2270599008275886,60,pop_1950,53348
38540,"Pocatello, ID",1664090,Pocatello city,2010,54255,0,54255,0,10,pop_2000,51466
38860,"Portland-South Portland, ME",2360545,Portland city,1950,77634,6,66194,0.14735811628925471,110,pop_1900,50145
38900,"Portland-Vancouver-Hillsboro, OR-WA",4159000,Portland city,2010,583776,0,583776,0,110,pop_1900,90426
38940,"Port St. Lucie, FL",1258715,Port St. Lucie city,2010,164603,0,164603,0,20,pop_1990,55866
39140,"Prescott, AZ",457380,Prescott city,2010,39843,0,39843,0,NA,NA,NA
39300,"Providence-Warwick, RI-MA",4459000,Providence city,1940,253504,7,178042,0.29767577631911135,150,pop_1860,50666
39340,"Provo-Orem, UT",4962470,Provo city,2010,112488,0,112488,0,40,pop_1970,53131
39380,"Pueblo, CO",862000,Pueblo city,2010,106595,0,106595,0,80,pop_1930,50096
39460,"Punta Gorda, FL",1259200,Punta Gorda city,2010,16641,0,16641,0,NA,NA,NA
39540,"Racine, WI",5566000,Racine city,1970,95162,4,78860,0.1713078749921187,90,pop_1920,58593
39580,"Raleigh, NC",3755000,Raleigh city,2010,403892,0,403892,0,60,pop_1950,65679
39660,"Rapid City, SD",4652980,Rapid City city,2010,67956,0,67956,0,20,pop_1990,54523
39740,"Reading, PA",4263624,Reading city,1930,111171,8,88082,0.2076890555990321,120,pop_1890,58661
39820,"Redding, CA",659920,Redding city,2010,89861,0,89861,0,20,pop_1990,66462
39900,"Reno, NV",3260600,Reno city,2010,225221,0,225221,0,50,pop_1960,51470
40060,"Richmond, VA",5167000,Richmond city,1970,249332,4,204214,0.18095551313108627,140,pop_1870,51038
40140,"Riverside-San Bernardino-Ontario, CA",662000,Riverside city,2010,303871,0,303871,0,50,pop_1960,84332
40220,"Roanoke, VA",5168000,Roanoke city,1980,100220,3,97032,0.03181001796048693,90,pop_1920,50842
40340,"Rochester, MN",2754880,Rochester city,2010,106769,0,106769,0,40,pop_1970,53766
40380,"Rochester, NY",3663000,Rochester city,1950,332488,6,210565,0.3666989485334809,140,pop_1870,62386
40420,"Rockford, IL",1765000,Rockford city,2010,152871,0,152871,0,90,pop_1920,64651
40580,"Rocky Mount, NC",3757500,Rocky Mount city,2010,57477,0,57477,0,10,pop_2000,55893
40660,"Rome, GA",1366668,Rome city,2010,36303,0,36303,0,NA,NA,NA
40900,"Sacramento--Roseville--Arden-Arcade, CA",664000,Sacramento city,2010,466488,0,466488,0,90,pop_1920,65908
40980,"Saginaw, MI",2670520,Saginaw city,1960,98265,5,51508,0.4758255737037602,100,pop_1910,50510
41060,"St. Cloud, MN",2756896,St. Cloud city,2010,65842,0,65842,0,10,pop_2000,59107
41100,"St. George, UT",4965330,St. George city,2010,72897,0,72897,0,0,pop_2010,72897
41140,"St. Joseph, MO-KS",2964550,St. Joseph city,1900,102979,11,76780,0.2544110935239223,120,pop_1890,52324
41180,"St. Louis, MO-IL",2965000,St. Louis city,1950,856796,6,319294,0.6273395300631656,160,pop_1850,77860
41420,"Salem, OR",4164900,Salem city,2010,154637,0,154637,0,40,pop_1970,68296
41500,"Salinas, CA",664224,Salinas city,2000,151060,1,150441,0.004097709519396266,40,pop_1970,58896
41540,"Salisbury, MD-DE",2469925,Salisbury city,2010,30343,0,30343,0,NA,NA,NA
41620,"Salt Lake City, UT",4967000,Salt Lake City city,1960,189454,5,186440,0.015908874977567114,110,pop_1900,53531
41660,"San Angelo, TX",4864472,San Angelo city,2010,93200,0,93200,0,60,pop_1950,52093
41700,"San Antonio-New Braunfels, TX",4865000,San Antonio city,2010,1327407,0,1327407,0,110,pop_1900,53321
41740,"San Diego-Carlsbad, CA",666000,San Diego city,2010,1307402,0,1307402,0,90,pop_1920,74361
41860,"San Francisco-Oakland-Hayward, CA",667000,San Francisco city,2010,805235,0,805235,0,150,pop_1860,56802
41940,"San Jose-Sunnyvale-Santa Clara, CA",668000,San Jose city,2010,945942,0,945942,0,80,pop_1930,57651
42020,"San Luis Obispo-Paso Robles-Arroyo Grande, CA",668154,San Luis Obispo city,2010,45119,0,45119,0,NA,NA,NA
42100,"Santa Cruz-Watsonville, CA",669112,Santa Cruz city,2010,59946,0,59946,0,10,pop_2000,54593
42140,"Santa Fe, NM",3570500,Santa Fe city,2010,67947,0,67947,0,20,pop_1990,52303
42200,"Santa Maria-Santa Barbara, CA",669070,Santa Barbara city,2000,92325,1,88410,0.04240454914703493,50,pop_1960,58768
42220,"Santa Rosa, CA",670098,Santa Rosa city,2010,167815,0,167815,0,40,pop_1970,50006
42340,"Savannah, GA",1369000,Savannah city,1960,149245,5,136286,0.08683037957720527,110,pop_1900,54244
42540,"Scranton--Wilkes-Barre--Hazleton, PA",4269000,Scranton city,1930,143433,8,76089,0.4695153834891552,120,pop_1890,75215
42660,"Seattle-Tacoma-Bellevue, WA",5363000,Seattle city,2010,608660,0,608660,0,110,pop_1900,80671
42680,"Sebastian-Vero Beach, FL",1274150,Vero Beach city,2000,17705,1,15220,0.1403558316859644,NA,NA,NA
42700,"Sebring, FL",1264875,Sebring city,2010,10491,0,10491,0,NA,NA,NA
43100,"Sheboygan, WI",5572975,Sheboygan city,2000,50792,1,49288,0.02961096235627658,10,pop_2000,50792
43300,"Sherman-Denison, TX",4867496,Sherman city,2010,38521,0,38521,0,NA,NA,NA
43340,"Shreveport-Bossier City, LA",2270000,Shreveport city,1980,206989,3,199311,0.03709375860552976,80,pop_1930,76655
43420,"Sierra Vista-Douglas, AZ",466820,Sierra Vista city,2010,43888,0,43888,0,NA,NA,NA
43580,"Sioux City, IA-NE-SD",1973335,Sioux City city,1960,89159,5,82684,0.07262306665619847,90,pop_1920,71227
43620,"Sioux Falls, SD",4659020,Sioux Falls city,2010,153888,0,153888,0,60,pop_1950,52696
43780,"South Bend-Mishawaka, IN-MI",1871000,South Bend city,1960,132445,5,101168,0.23615085507191663,100,pop_1910,53684
43900,"Spartanburg, SC",4568290,Spartanburg city,1970,44546,4,37013,0.1691060925784582,NA,NA,NA
44060,"Spokane-Spokane Valley, WA",5367000,Spokane city,2010,208916,0,208916,0,100,pop_1910,104402
44100,"Springfield, IL",1772000,Springfield city,2010,116250,0,116250,0,100,pop_1910,51678
44140,"Springfield, MA",2567000,Springfield city,1960,174463,5,153060,0.12267930736029989,110,pop_1900,62059
44180,"Springfield, MO",2970000,Springfield city,2010,159498,0,159498,0,80,pop_1930,57527
44220,"Springfield, OH",3974118,Springfield city,1960,82723,5,60608,0.2673379833903509,90,pop_1920,60840
44300,"State College, PA",4273808,State College borough,2010,42034,0,42034,0,NA,NA,NA
44420,"Staunton-Waynesboro, VA",5175216,Staunton city,1970,24504,4,23746,0.030933725106105127,NA,NA,NA
44700,"Stockton-Lodi, CA",675000,Stockton city,2010,291707,0,291707,0,70,pop_1940,54714
44940,"Sumter, SC",4570405,Sumter city,1990,41943,2,40524,0.03383162863886703,NA,NA,NA
45060,"Syracuse, NY",3673000,Syracuse city,1950,220583,6,145170,0.3418803806277002,130,pop_1880,51792
45220,"Tallahassee, FL",1270600,Tallahassee city,2010,181376,0,181376,0,40,pop_1970,72624
45300,"Tampa-St. Petersburg-Clearwater, FL",1271000,Tampa city,2010,335709,0,335709,0,90,pop_1920,51608
45460,"Terre Haute, IN",1875428,Terre Haute city,1960,71786,5,60785,0.1532471512551194,100,pop_1910,58157
45500,"Texarkana, TX-AR",4872368,Texarkana city,2010,36411,0,36411,0,NA,NA,NA
45780,"Toledo, OH",3977000,Toledo city,1970,383062,4,287208,0.25023103309647005,130,pop_1880,50137
45820,"Topeka, KS",2071000,Topeka city,2010,127473,0,127473,0,90,pop_1920,50022
45940,"Trenton, NJ",3474000,Trenton city,1950,128009,6,84913,0.3366638283245709,120,pop_1890,57458
46060,"Tucson, AZ",477000,Tucson city,2010,520116,0,520116,0,50,pop_1960,212892
46140,"Tulsa, OK",4075000,Tulsa city,2000,393049,1,391906,0.002908034367216301,90,pop_1920,72075
46220,"Tuscaloosa, AL",177256,Tuscaloosa city,2010,90468,0,90468,0,50,pop_1960,63370
46340,"Tyler, TX",4874144,Tyler city,2010,96900,0,96900,0,50,pop_1960,51230
46520,"Urban Honolulu, HI",1571550,Honolulu CDP,2010,387170,0,387170,0,100,pop_1910,52183
46540,"Utica-Rome, NY",3676540,Utica city,1930,101740,8,62235,0.3882936897975231,110,pop_1900,56383
46660,"Valdosta, GA",1378800,Valdosta city,2010,54518,0,54518,0,0,pop_2010,54518
46700,"Vallejo-Fairfield, CA",681666,Vallejo city,2000,116760,1,115942,0.007005823912298733,50,pop_1960,60877
47020,"Victoria, TX",4875428,Victoria city,2010,62592,0,62592,0,30,pop_1980,50695
47220,"Vineland-Bridgeton, NJ",3476070,Vineland city,2010,60724,0,60724,0,30,pop_1980,53753
47260,"Virginia Beach-Norfolk-Newport News, VA-NC",5182000,Virginia Beach city,2010,437994,0,437994,0,40,pop_1970,172106
47300,"Visalia-Porterville, CA",682954,Visalia city,2010,124442,0,124442,0,20,pop_1990,75636
47380,"Waco, TX",4876000,Waco city,2010,124805,0,124805,0,80,pop_1930,52848
47460,"Walla Walla, WA",5375775,Walla Walla city,2010,31731,0,31731,0,NA,NA,NA
47580,"Warner Robins, GA",1380508,Warner Robins city,2010,66588,0,66588,0,0,pop_2010,66588
47900,"Washington-Arlington-Alexandria, DC-VA-MD-WV",1150000,Washington city,1950,802178,6,601723,0.24988842875272071,160,pop_1850,51687
47940,"Waterloo-Cedar Falls, IA",1982425,Waterloo city,1980,75985,3,68406,0.09974337040205304,70,pop_1940,51743
48060,"Watertown-Fort Drum, NY",3678608,Watertown city,1950,34350,6,27023,0.2133042212518195,NA,NA,NA
48140,"Wausau, WI",5584475,Wausau city,2010,39106,0,39106,0,NA,NA,NA
48260,"Weirton-Steubenville, WV-OH",5485156,Weirton city,1960,28201,5,19746,0.299812063402007,NA,NA,NA
48300,"Wenatchee, WA",5377105,Wenatchee city,2010,31925,0,31925,0,NA,NA,NA
48540,"Wheeling, WV-OH",5486452,Wheeling city,1930,61659,8,28486,0.5380074279505019,90,pop_1920,56208
48620,"Wichita, KS",2079000,Wichita city,2010,382368,0,382368,0,100,pop_1910,52450
48660,"Wichita Falls, TX",4879000,Wichita Falls city,2010,104553,0,104553,0,60,pop_1950,68042
48700,"Williamsport, PA",4285312,Williamsport city,1930,45729,8,29381,0.3574974305145531,NA,NA,NA
48900,"Wilmington, NC",3774440,Wilmington city,2010,106476,0,106476,0,20,pop_1990,55530
49020,"Winchester, VA-WV",5186720,Winchester city,2010,26203,0,26203,0,NA,NA,NA
49180,"Winston-Salem, NC",3775000,Winston-Salem city,2010,229617,0,229617,0,80,pop_1930,75274
49340,"Worcester, MA-CT",2582000,Worcester city,1950,203486,6,181045,0.1102827712963054,130,pop_1880,58291
49420,"Yakima, WA",5380010,Yakima city,2010,91067,0,91067,0,20,pop_1990,54827
49620,"York-Hanover, PA",4287048,York city,1950,59953,6,43718,0.2707954564408787,80,pop_1930,55254
49660,"Youngstown-Warren-Boardman, OH-PA",3988000,Youngstown city,1930,170002,8,66982,0.6059928706721097,100,pop_1910,79066
49700,"Yuba City, CA",686972,Yuba City city,2010,64925,0,64925,0,0,pop_2010,64925
49740,"Yuma, AZ",485540,Yuma city,2010,93064,0,93064,0,20,pop_1990,56966
