cbsa_fips,cbsa,city_fips,city,pct_prewar_city,pct_prewar_msa
10180,"Abilene, TX",4801000,Abilene city,0.08386700587770857,0.1018446110676664
10420,"Akron, OH",3901000,Akron city,0.3470313062252609,0.20742947871989442
10500,"Albany, GA",1301052,Albany city,0.041500870430241234,0.04962748019763156
10540,"Albany, OR",4101000,Albany city,0.09448501926505262,0.10879330213306367
10580,"Albany-Schenectady-Troy, NY",3601000,Albany city,0.49867514573396926,0.3167289822400616
10740,"Albuquerque, NM",3502000,Albuquerque city,0.0361675573940437,0.03801660999215276
10780,"Alexandria, LA",2200975,Alexandria city,0.09017794309842163,0.06929287259158975
10900,"Allentown-Bethlehem-Easton, PA-NJ",4202000,Allentown city,0.4096605744125326,0.30983600688647406
11020,"Altoona, PA",4202184,Altoona city,0.5568213264458999,0.39932075334628864
11100,"Amarillo, TX",4803000,Amarillo city,0.08271581042968534,0.08212403553766408
11180,"Ames, IA",1901855,Ames city,0.12234753327275642,0.18671237349004244
11260,"Anchorage, AK",0203000,Anchorage municipality,0.006127450980392157,0.006476268040752719
11460,"Ann Arbor, MI",2603000,Ann Arbor city,0.16840343965772864,0.13612677292113315
11500,"Anniston-Oxford-Jacksonville, AL",0101852,Anniston city,0.147010806188292,0.0876037566735513
11540,"Appleton, WI",5502375,Appleton city,0.2217163504968383,0.2028020211299954
11700,"Asheville, NC",3702140,Asheville city,0.22586022145493512,0.11555857207225191
12020,"Athens-Clarke County, GA",1303440,Athens-Clarke County (balance),0.06995005282873884,0.07285836960705931
12060,"Atlanta-Sandy Springs-Roswell, GA",1304000,Atlanta city,0.16780928138268858,0.04439025867813655
12100,"Atlantic City-Hammonton, NJ",3402080,Atlantic City city,0.26405855878134427,0.1474449995617495
12220,"Auburn-Opelika, AL",0103076,Auburn city,0.027088935365003487,0.03640048480995053
12260,"Augusta-Richmond County, GA-SC",1304204,Augusta-Richmond County (balance),0.07620960742008283,0.060689094517370826
12420,"Austin-Round Rock, TX",4805000,Austin city,0.03790521707379678,0.03871742969814759
12540,"Bakersfield, CA",0603526,Bakersfield city,0.042885167084330246,0.05341072014648218
12580,"Baltimore-Columbia-Towson, MD",2404000,Baltimore city,0.3684807822229322,0.160123696860634
12620,"Bangor, ME",2302795,Bangor city,0.44978405429492013,0.28292967522850687
12700,"Barnstable Town, MA",2503600,Barnstable Town city,0.12203213686145975,0.11925919378854116
12940,"Baton Rouge, LA",2205000,Baton Rouge city,0.062114546501110104,0.04637341554842112
12980,"Battle Creek, MI",2605920,Battle Creek city,0.27882982336956524,0.2555246971426624
13020,"Bay City, MI",2606020,Bay City city,0.501875884125715,0.2618745018633005
13140,"Beaumont-Port Arthur, TX",4807000,Beaumont city,0.09057956174482899,0.06937230228985296
13220,"Beckley, WV",5405332,Beckley city,0.17685439560439561,0.17054141794952352
13380,"Bellingham, WA",5305280,Bellingham city,0.22263381478334748,0.14565655745469802
13460,"Bend-Redmond, OR",4105800,Bend city,0.07182860698728775,0.046168220874631294
13740,"Billings, MT",3006550,Billings city,0.09813287016934433,0.11752359231163337
13780,"Binghamton, NY",3606607,Binghamton city,0.5582578949564057,0.3265896740363069
13820,"Birmingham-Hoover, AL",0107000,Birmingham city,0.1471188373771485,0.08357874533937289
13900,"Bismarck, ND",3807200,Bismarck city,0.07275887757635957,0.10292742573545278
13980,"Blacksburg-Christiansburg-Radford, VA",5107784,Blacksburg town,0.042757609094242754,0.10763629036900581
14010,"Bloomington, IL",1706613,Bloomington city,0.2062607354436148,0.2133256014512148
14020,"Bloomington, IN",1805860,Bloomington city,0.0984519905497373,0.09723389182688347
14100,"Bloomsburg-Berwick, PA",4207128,Bloomsburg town,0.497388144446968,0.34505090497737556
14260,"Boise City, ID",1608830,Boise City city,0.07966645285439385,0.0769939835513606
14460,"Boston-Cambridge-Newton, MA-NH",2507000,Boston city,0.5346895032448846,0.3582412500677957
14500,"Boulder, CO",0807850,Boulder city,0.08282471750373802,0.06859883236030025
14540,"Bowling Green, KY",2108902,Bowling Green city,0.09314396262917,0.09606350512635874
14740,"Bremerton-Silverdale, WA",5307695,Bremerton city,0.21381756959894174,0.09400500841932559
14860,"Bridgeport-Stamford-Norwalk, CT",0908000,Bridgeport city,0.30636231537513564,0.2114615307571303
15180,"Brownsville-Harlingen, TX",4810768,Brownsville city,0.037320916905444125,0.04334163504772093
15260,"Brunswick, GA",1311560,Brunswick city,0.1874819311939867,0.055081250975234614
15380,"Buffalo-Cheektowaga-Niagara Falls, NY",3611000,Buffalo city,0.5768200365449875,0.314734852409091
15500,"Burlington, NC",3709060,Burlington city,0.1168578451454322,0.09795719668968501
15540,"Burlington-South Burlington, VT",5010675,Burlington city,0.3876791704788045,0.23626054788558717
15680,"California-Lexington Park, MD",2446725,Lexington Park CDP,0.004675876726886291,0.05120154925031543
15940,"Canton-Massillon, OH",3912000,Canton city,0.4288694083490712,0.24136673723829688
15980,"Cape Coral-Fort Myers, FL",1210275,Cape Coral city,0.002319271836163137,0.010814775575069782
16020,"Cape Girardeau, MO-IL",2911242,Cape Girardeau city,0.14508787457327096,0.1391255973904468
16060,"Carbondale-Marion, IL",1711163,Carbondale city,0.06888727536758033,0.17782829486497884
16180,"Carson City, NV",3209700,Carson City,0.019217215618098953,0.019217215618098953
16220,"Casper, WY",5613150,Casper city,0.1254891254891255,0.11123753430158624
16300,"Cedar Rapids, IA",1912000,Cedar Rapids city,0.2207057831279112,0.24261513921699276
16540,"Chambersburg-Waynesboro, PA",4212536,Chambersburg borough,0.418783865141481,0.25006040555359366
16580,"Champaign-Urbana, IL",1712385,Champaign city,0.13525607411291732,0.1706414940207402
16620,"Charleston, WV",5414600,Charleston city,0.25125535371437013,0.1492572527881378
16700,"Charleston-North Charleston, SC",4513330,Charleston city,0.17864667104637202,0.05903813550228555
16740,"Charlotte-Concord-Gastonia, NC-SC",3712000,Charlotte city,0.03977775464529225,0.06413245905904745
16820,"Charlottesville, VA",5114968,Charlottesville city,0.18390085839349668,0.11712970471188512
16860,"Chattanooga, TN-GA",4714000,Chattanooga city,0.13355152759094124,0.08766308079652094
16940,"Cheyenne, WY",5613900,Cheyenne city,0.15156735860156315,0.133633414199281
16980,"Chicago-Naperville-Elgin, IL-IN-WI",1714000,Chicago city,0.3800034869469351,0.20889365914186858
17020,"Chico, CA",0613014,Chico city,0.09703515111695138,0.0804345029991932
17140,"Cincinnati, OH-KY-IN",3915000,Cincinnati city,0.4001747566964958,0.19807431109736232
17300,"Clarksville, TN-KY",4715160,Clarksville city,0.031292143249587935,0.05302915848315456
17420,"Cleveland, TN",4715400,Cleveland city,0.06813761244833455,0.06304736472877866
17460,"Cleveland-Elyria, OH",3916000,Cleveland city,0.49272622820184947,0.242602232278056
17660,"Coeur d'Alene, ID",1616750,Coeur d'Alene city,0.13570219966159053,0.07363700731649753
17780,"College Station-Bryan, TX",4815976,College Station city,0.010458320516764073,0.04362532292859616
17820,"Colorado Springs, CO",0816000,Colorado Springs city,0.0770440040309036,0.07396494196155834
17860,"Columbia, MO",2915670,Columbia city,0.06670744932291522,0.06785701683192773
17900,"Columbia, SC",4516000,Columbia city,0.12327904451682953,0.05255456017589993
17980,"Columbus, GA-AL",1319007,Columbus city (balance),0.07204561616055202,0.07125022678773532
18020,"Columbus, IN",1814734,Columbus city,0.15461753731343283,0.1511070914145982
18140,"Columbus, OH",3918000,Columbus city,0.14072669189350973,0.15250661274518135
18580,"Corpus Christi, TX",4817000,Corpus Christi city,0.04260863114556481,0.04383744004777516
18700,"Corvallis, OR",4115800,Corvallis city,0.09435858175032298,0.09409005628517823
18880,"Crestview-Fort Walton Beach-Destin, FL",1224475,Fort Walton Beach city,0.00875734397516905,0.016280322448827964
19060,"Cumberland, MD-WV",2421325,Cumberland city,0.5285996055226825,0.3370158392120325
19100,"Dallas-Fort Worth-Arlington, TX",4819000,Dallas city,0.05722100679057872,0.038735405136797026
19140,"Dalton, GA",1321380,Dalton city,0.06120865263362111,0.043825762621553216
19180,"Danville, IL",1718563,Danville city,0.341740651062685,0.3131860573880987
19300,"Daphne-Fairhope-Foley, AL",0119648,Daphne city,0.01689000558347292,0.03886383522918489
19340,"Davenport-Moline-Rock Island, IA-IL",1919000,Davenport city,0.28419449212988707,0.26830560760044664
19380,"Dayton, OH",3921000,Dayton city,0.3407295343755253,0.1658770638872649
19460,"Decatur, AL",0120104,Decatur city,0.05924506291142405,0.05162107152587464
19500,"Decatur, IL",1718823,Decatur city,0.21912660708054862,0.21345116538285464
19660,"Deltona-Daytona Beach-Ormond Beach, FL",1217200,Deltona city,0.003013523185294007,0.03301324083083041
19740,"Denver-Aurora-Lakewood, CO",0820000,Denver city,0.24501362181080596,0.09058389760603341
19780,"Des Moines-West Des Moines, IA",1921000,Des Moines city,0.3059514717114153,0.211241116789456
19820,"Detroit-Warren-Dearborn, MI",2622000,Detroit city,0.29864887922025296,0.13587193305085454
20020,"Dothan, AL",0121184,Dothan city,0.04185098280570835,0.06223732900222695
20100,"Dover, DE",1021200,Dover city,0.06925207756232687,0.098135932330976
20220,"Dubuque, IA",1922395,Dubuque city,0.37324150674001594,0.32448950851992675
20260,"Duluth, MN-WI",2717000,Duluth city,0.4835405405405405,0.33248381160636603
20500,"Durham-Chapel Hill, NC",3719000,Durham city,0.06704421802354338,0.06806605617748605
20700,"East Stroudsburg, PA",4221872,East Stroudsburg borough,0.32752927048934255,0.10568059069856912
20740,"Eau Claire, WI",5522300,Eau Claire city,0.2216701005938674,0.233087320673356
20940,"El Centro, CA",0621782,El Centro city,0.04403027590135916,0.047412909252466336
21060,"Elizabethtown-Fort Knox, KY",2124274,Elizabethtown city,0.0555333998005982,0.06795972206740238
21140,"Elkhart-Goshen, IN",1820728,Elkhart city,0.27152623798965264,0.1917009356507286
21300,"Elmira, NY",3624229,Elmira city,0.6150445909267158,0.37946747913630946
21340,"El Paso, TX",4824000,El Paso city,0.06046031582206626,0.056542639364725256
21500,"Erie, PA",4224000,Erie city,0.4435994930291508,0.297195640384178
21660,"Eugene, OR",4123850,Eugene city,0.07589838909541512,0.07982237703856174
21780,"Evansville, IN-KY",1822000,Evansville city,0.25715937155167884,0.18374572173203127
21820,"Fairbanks, AK",0224230,Fairbanks city,0.026824552924117933,0.01381754828632363
22020,"Fargo, ND-MN",3825700,Fargo city,0.12801317925236816,0.13594701914708443
22140,"Farmington, NM",3525800,Farmington city,0.028780325689597874,0.02325258554869161
22180,"Fayetteville, NC",3722920,Fayetteville city,0.03410238193172045,0.02864605209900491
22220,"Fayetteville-Springdale-Rogers, AR-MO",0523290,Fayetteville city,0.06641396193634999,0.07286322567244781
22380,"Flagstaff, AZ",0423620,Flagstaff city,0.03355109659356043,0.02872218999681904
22420,"Flint, MI",2629000,Flint city,0.2295002163565556,0.12879703752110222
22500,"Florence, SC",4525810,Florence city,0.06478011472275334,0.054507415385377206
22520,"Florence-Muscle Shoals, AL",0126896,Florence city,0.08041365280289331,0.07351232340529631
22540,"Fond du Lac, WI",5526275,Fond du Lac city,0.28873079112122935,0.30205495149092204
22660,"Fort Collins, CO",0827425,Fort Collins city,0.06636519700205167,0.07952216487019888
22900,"Fort Smith, AR-OK",0524550,Fort Smith city,0.09241082793539444,0.07843428528985777
23060,"Fort Wayne, IN",1825000,Fort Wayne city,0.20134420134420133,0.18572220169929812
23420,"Fresno, CA",0627000,Fresno city,0.06473467578945954,0.06406615281773628
23460,"Gadsden, AL",0128696,Gadsden city,0.1693101979987226,0.10496311930198655
23540,"Gainesville, FL",1225175,Gainesville city,0.052279923213083695,0.03654758015818806
23580,"Gainesville, GA",1331908,Gainesville city,0.05857271095152603,0.04311797202523214
23900,"Gettysburg, PA",4228960,Gettysburg borough,0.5355051244509517,0.2550026513354358
24020,"Glens Falls, NY",3629333,Glens Falls city,0.561694021101993,0.31849592836518187
24140,"Goldsboro, NC",3726880,Goldsboro city,0.08784523664679401,0.07761080464143047
24220,"Grand Forks, ND-MN",3832060,Grand Forks city,0.14248679788766203,0.20313670525120225
24260,"Grand Island, NE",3119595,Grand Island city,0.18764012647312447,0.2562235127923403
24300,"Grand Junction, CO",0831660,Grand Junction city,0.1218736752861382,0.09647510686187458
24340,"Grand Rapids-Wyoming, MI",2634000,Grand Rapids city,0.36503724215735295,0.17788493533574393
24420,"Grants Pass, OR",4130550,Grants Pass city,0.1156848828956707,0.07578447005024219
24500,"Great Falls, MT",3032800,Great Falls city,0.1999762404466796,0.18711142654364799
24540,"Greeley, CO",0832155,Greeley city,0.096555070354197,0.13685530410611232
24580,"Green Bay, WI",5531000,Green Bay city,0.1719839670072519,0.16070099465457743
24660,"Greensboro-High Point, NC",3728000,Greensboro city,0.07099553125598942,0.07909577814057836
24780,"Greenville, NC",3728080,Greenville city,0.041201018531616916,0.05858786467607177
24860,"Greenville-Anderson-Mauldin, SC",4530850,Greenville city,0.1347243029926554,0.06989479752125667
25060,"Gulfport-Biloxi-Pascagoula, MS",2829700,Gulfport city,0.05572263711012739,0.048436208050608325
25180,"Hagerstown-Martinsburg, MD-WV",2436075,Hagerstown city,0.3982306069838294,0.21696454561332013
25220,"Hammond, LA",2232755,Hammond city,0.086754126110876,0.06204343776045497
25260,"Hanford-Corcoran, CA",0631960,Hanford city,0.06430170250288272,0.06919563493148811
25420,"Harrisburg-Carlisle, PA",4232800,Harrisburg city,0.39446110860007394,0.21339937795184888
25500,"Harrisonburg, VA",5135624,Harrisonburg city,0.0859083936007013,0.14579320769437062
25540,"Hartford-West Hartford-East Hartford, CT",0937000,Hartford city,0.32329594818734697,0.1973692296933311
25620,"Hattiesburg, MS",2831020,Hattiesburg city,0.08491893864359068,0.060075714030880224
25860,"Hickory-Lenoir-Morganton, NC",3731060,Hickory city,0.08620999102602453,0.07461656335850463
25940,"Hilton Head Island-Bluffton-Beaufort, SC",4534045,Hilton Head Island town,0.0017435024125207802,0.01995996317781317
25980,"Hinesville, GA",1338964,Hinesville city,0.00619799626422143,0.01751306803006601
26140,"Homosassa Springs, FL",1232400,Homosassa Springs CDP,0.005052151238591917,0.008375667159668188
26300,"Hot Springs, AR",0533400,Hot Springs city,0.13023976077321514,0.07343225146263875
26380,"Houma-Thibodaux, LA",2236255,Houma city,0.09273868942199323,0.06509009910234351
26420,"Houston-The Woodlands-Sugar Land, TX",4835000,Houston city,0.05190585624851415,0.03649949359853745
26580,"Huntington-Ashland, WV-KY-OH",5439460,Huntington city,0.3409871493072975,0.15567373908300328
26620,"Huntsville, AL",0137000,Huntsville city,0.03434502622068853,0.03417467812616775
26820,"Idaho Falls, ID",1639700,Idaho Falls city,0.11373953394532432,0.1161819184992512
26900,"Indianapolis-Carmel-Anderson, IN",1836003,Indianapolis city (balance),0.1657528887477746,0.15555447897727598
26980,"Iowa City, IA",1938595,Iowa City city,0.14471057884231536,0.18661492625151727
27060,"Ithaca, NY",3638077,Ithaca city,0.4859089212392684,0.29776051779935275
27100,"Jackson, MI",2641420,Jackson city,0.5106620300505216,0.25801990271198294
27140,"Jackson, MS",2836000,Jackson city,0.04161765677658098,0.04158093735022584
27180,"Jackson, TN",4737640,Jackson city,0.1028271595269794,0.08839888363254884
27260,"Jacksonville, FL",1235000,Jacksonville city,0.05403969734660033,0.047454651473656066
27340,"Jacksonville, NC",3734200,Jacksonville city,0.013459023539668701,0.01789111007429207
27500,"Janesville-Beloit, WI",5537825,Janesville city,0.21565890236119975,0.26528052486854165
27620,"Jefferson City, MO",2937000,Jefferson City city,0.1489061397318278,0.1432802143562262
27740,"Johnson City, TN",4738320,Johnson City city,0.11332473924762686,0.11625749270567554
27780,"Johnstown, PA",4238288,Johnstown city,0.5728344919159571,0.3921970940482704
27860,"Jonesboro, AR",0535710,Jonesboro city,0.04667516552206275,0.059046423003637626
27900,"Joplin, MO",2937592,Joplin city,0.21210560808913023,0.19343985296733265
27980,"Kahului-Wailuku-Lahaina, HI",1522700,Kahului CDP,0.02183984116479153,0.04093794762064758
28020,"Kalamazoo-Portage, MI",2642160,Kalamazoo city,0.28890566987603045,0.18020641771439294
28100,"Kankakee, IL",1738934,Kankakee city,0.29033436871916685,0.19409012558483132
28140,"Kansas City, MO-KS",2938000,Kansas City city,0.2258482348113688,0.13234936831875607
28420,"Kennewick-Richland, WA",5335275,Kennewick city,0.018736106700539854,0.03196524490957292
28660,"Killeen-Temple, TX",4839148,Killeen city,0.007142654686658542,0.04468766116291063
28700,"Kingsport-Bristol-Bristol, TN-VA",4739560,Kingsport city,0.10432231745886235,0.1041848587802784
28740,"Kingston, NY",3639727,Kingston city,0.4965569285916423,0.27941176470588236
28940,"Knoxville, TN",4740000,Knoxville city,0.12876780098236687,0.07878468123666106
29020,"Kokomo, IN",1840392,Kokomo city,0.2784787472035794,0.22274226146154663
29100,"La Crosse-Onalaska, WI-MN",5540775,La Crosse city,0.29949101391829197,0.22254922841597768
29180,"Lafayette, LA",2240735,Lafayette city,0.04361656703672075,0.06665076419150459
29200,"Lafayette-West Lafayette, IN",1840788,Lafayette city,0.22191770095141145,0.19363035744536677
29340,"Lake Charles, LA",2241155,Lake Charles city,0.08607198748043818,0.06341985220887485
29420,"Lake Havasu City-Kingman, AZ",0439370,Lake Havasu City city,0.0013048584228611195,0.00870575304139292
29460,"Lakeland-Winter Haven, FL",1238250,Lakeland city,0.07535297728667895,0.042288051736933244
29540,"Lancaster, PA",4241216,Lancaster city,0.5402458624733939,0.25499749986110337
29620,"Lansing-East Lansing, MI",2646000,Lansing city,0.2481159202390573,0.19028184198367473
29700,"Laredo, TX",4841464,Laredo city,0.05087370929308976,0.048038256711227044
29740,"Las Cruces, NM",3539380,Las Cruces city,0.04170352584354859,0.04399631958288606
29820,"Las Vegas-Henderson-Paradise, NV",3240000,Las Vegas city,0.005590426590940051,0.0048874685378144656
29940,"Lawrence, KS",2038900,Lawrence city,0.11210051232007807,0.12472049689440994
30020,"Lawton, OK",4041850,Lawton city,0.059818266670326956,0.07370982041607389
30140,"Lebanon, PA",4242168,Lebanon city,0.4945632798573975,0.30841443633414434
30300,"Lewiston, ID-WA",1646540,Lewiston city,0.1638413860055261,0.15971399225724894
30340,"Lewiston-Auburn, ME",2338740,Lewiston city,0.41129326047358833,0.33955613577023497
30460,"Lexington-Fayette, KY",2146027,Lexington-Fayette,0.08239861578589444,0.10094030651253552
30620,"Lima, OH",3943554,Lima city,0.343672175684854,0.24045654876257205
30700,"Lincoln, NE",3128000,Lincoln city,0.158801529604572,0.17346468435085183
30780,"Little Rock-North Little Rock-Conway, AR",0541000,Little Rock city,0.08406370747337669,0.05449436271796027
30860,"Logan, UT-ID",4945860,Logan city,0.14999660487539893,0.18385146017564652
30980,"Longview, TX",4843888,Longview city,0.037482873360735955,0.06488305030438962
31020,"Longview, WA",5340245,Longview city,0.166677620768978,0.1562241093620547
31080,"Los Angeles-Long Beach-Anaheim, CA",0644000,Los Angeles city,0.16712966147055922,0.10528080769872038
31140,"Louisville/Jefferson County, KY-IN",2148000,Louisville city,0.3286762945164194,0.13958913765902453
31180,"Lubbock, TX",4845000,Lubbock city,0.03096365756717519,0.03894127813051809
31340,"Lynchburg, VA",5147672,Lynchburg city,0.21262662807525326,0.12707914784258137
31420,"Macon, GA",1349000,Macon city,0.12562113546936482,0.08408999085631659
31460,"Madera, CA",0645022,Madera city,0.05286865813181603,0.0472429247034937
31540,"Madison, WI",5548000,Madison city,0.16919861834482908,0.18980312527588947
31700,"Manchester-Nashua, NH",3345140,Manchester city,0.3469667915976641,0.22631884289915377
31740,"Manhattan, KS",2044250,Manhattan city,0.1095047156491783,0.1583952064608571
31860,"Mankato-North Mankato, MN",2739878,Mankato city,0.24102725202230424,0.2609677516485502
31900,"Mansfield, OH",3947138,Mansfield city,0.2804441260744986,0.2323131431156006
32580,"McAllen-Edinburg-Mission, TX",4845384,McAllen city,0.0215533160977154,0.02115666102627454
32780,"Medford, OR",4147000,Medford city,0.098365640440897,0.09084067232660391
32820,"Memphis, TN-MS-AR",4748000,Memphis city,0.09040088619660464,0.06317352225165754
32900,"Merced, CA",0646898,Merced city,0.06038804307463795,0.06955962148801427
33100,"Miami-Fort Lauderdale-West Palm Beach, FL",1245000,Miami city,0.10623746247155916,0.025355518248874637
33140,"Michigan City-La Porte, IN",1848798,Michigan City city,0.26736990154711676,0.24885469411016856
33220,"Midland, MI",2653780,Midland city,0.0857561415370746,0.09264409989347852
33260,"Midland, TX",4848072,Midland city,0.024280620700045198,0.023639857480283438
33340,"Milwaukee-Waukesha-West Allis, WI",5553000,Milwaukee city,0.3360231125734807,0.22912474686369783
33460,"Minneapolis-St. Paul-Bloomington, MN-WI",2743000,Minneapolis city,0.5095478698168707,0.17371383415586023
33540,"Missoula, MT",3050200,Missoula city,0.16760310818888224,0.12396234177981075
33660,"Mobile, AL",0150000,Mobile city,0.08489646206704429,0.06208320967165553
33700,"Modesto, CA",0648354,Modesto city,0.046538244299771096,0.06524896059201496
33740,"Monroe, LA",2251410,Monroe city,0.06595056053285801,0.04829149478367382
33780,"Monroe, MI",2655020,Monroe city,0.38055222088835533,0.1985266774096439
33860,"Montgomery, AL",0151000,Montgomery city,0.07302911256782756,0.06544841080527956
34060,"Morgantown, WV",5455756,Morgantown city,0.28853319783197834,0.18929376333792058
34100,"Morristown, TN",4750280,Morristown city,0.060097897026831035,0.059324729619194765
34580,"Mount Vernon-Anacortes, WA",5347560,Mount Vernon city,0.1066543247968734,0.14275673016096155
34620,"Muncie, IN",1851876,Muncie city,0.2391102873030584,0.2171774572817056
34740,"Muskegon, MI",2656320,Muskegon city,0.3116688518449148,0.1704446000350079
34820,"Myrtle Beach-Conway-North Myrtle Beach, SC-NC",4549075,Myrtle Beach city,0.018072289156626505,0.018113603356462806
34900,"Napa, CA",0650258,Napa city,0.09899848692268895,0.10641759690241792
34940,"Naples-Immokalee-Marco Island, FL",1247625,Naples city,0.014209905660377359,0.0043587756683456024
34980,"Nashville-Davidson--Murfreesboro--Franklin, TN",4752006,Nashville-Davidson (balance),0.07753821028233955,0.06990007780468402
35100,"New Bern, NC",3746340,New Bern city,0.11953273566965499,0.07290868776456359
35300,"New Haven-Milford, CT",0952000,New Haven city,0.3670878902929676,0.2374270687813296
35380,"New Orleans-Metairie, LA",2255000,New Orleans city,0.29652100738757087,0.13687584721538057
35620,"New York-Newark-Jersey City, NY-NJ-PA",3651000,New York city,0.35967436780517553,0.27051596118474186
35660,"Niles-Benton Harbor, MI",2657760,Niles city,0.3738590726542534,0.21433725917353122
35840,"North Port-Sarasota-Bradenton, FL",1264175,Sarasota city,0.06812697234082049,0.025137634710460238
35980,"Norwich-New London, CT",0956200,Norwich city,0.44650602409638557,0.26249164212010045
36100,"Ocala, FL",1250750,Ocala city,0.04860302677532014,0.01976961267863985
36140,"Ocean City, NJ",3454360,Ocean City city,0.16361217853975762,0.14324469779344734
36220,"Odessa, TX",4853388,Odessa city,0.022268431997051932,0.022686868686868686
36260,"Ogden-Clearfield, UT",4955980,Ogden city,0.2081066559204782,0.08405878149563488
36420,"Oklahoma City, OK",4055000,Oklahoma City city,0.09323452591722614,0.07933969378330975
36500,"Olympia-Tumwater, WA",5351300,Olympia city,0.1668866104963963,0.07083506439551308
36540,"Omaha-Council Bluffs, NE-IA",3137000,Omaha city,0.21884819280014958,0.20402837516851768
36740,"Orlando-Kissimmee-Sanford, FL",1253000,Orlando city,0.05149149329843405,0.023999672299506548
36780,"Oshkosh-Neenah, WI",5560500,Oshkosh city,0.31625852754446154,0.23235116886327467
36980,"Owensboro, KY",2158620,Owensboro city,0.11834489552974016,0.10927537480613476
37100,"Oxnard-Thousand Oaks-Ventura, CA",0654652,Oxnard city,0.024456100745855743,0.039676296720061024
37340,"Palm Bay-Melbourne-Titusville, FL",1254000,Palm Bay city,0.0015791551519936833,0.012586008141503657
37460,"Panama City, FL",1254700,Panama City city,0.068990559186637615,0.026063100137174212
37620,"Parkersburg-Vienna, WV",5462140,Parkersburg city,0.3076875233237965,0.18719658079951684
37860,"Pensacola-Ferry Pass-Brent, FL",1255925,Pensacola city,0.14778379983666196,0.042240714524130155
37900,"Peoria, IL",1759000,Peoria city,0.22056604543044736,0.20587333581208456
37980,"Philadelphia-Camden-Wilmington, PA-NJ-DE-MD",4260000,Philadelphia city,0.4172545690209953,0.2396060171134947
38060,"Phoenix-Mesa-Scottsdale, AZ",0455000,Phoenix city,0.024933792933744526,0.014209263285976633
38220,"Pine Bluff, AR",0555310,Pine Bluff city,0.07363420427553444,0.06205521685713623
38300,"Pittsburgh, PA",4261000,Pittsburgh city,0.5066598925112936,0.30693725712367675
38340,"Pittsfield, MA",2553960,Pittsfield city,0.43775156791163533,0.40483552284279273
38540,"Pocatello, ID",1664090,Pocatello city,0.1385880077369439,0.1223283623118686
38860,"Portland-South Portland, ME",2360545,Portland city,0.4902397690183279,0.26600463734822544
38900,"Portland-Vancouver-Hillsboro, OR-WA",4159000,Portland city,0.34041109458041297,0.14668797637050562
38940,"Port St. Lucie, FL",1258715,Port St. Lucie city,0.0019237021783895091,0.014476849163864661
39140,"Prescott, AZ",0457380,Prescott city,0.09488841718776891,0.04524654349687997
39300,"Providence-Warwick, RI-MA",4459000,Providence city,0.47044099241699183,0.3121970902391303
39340,"Provo-Orem, UT",4962470,Provo city,0.08203998421675654,0.0833605600933489
39380,"Pueblo, CO",0862000,Pueblo city,0.22774183074746632,0.19247870210094017
39460,"Punta Gorda, FL",1259200,Punta Gorda city,0.027057245080500895,0.008300107826174177
39540,"Racine, WI",5566000,Racine city,0.3575228644868193,0.23386600283733505
39580,"Raleigh, NC",3755000,Raleigh city,0.049203284638267196,0.04749736732693399
39660,"Rapid City, SD",4652980,Rapid City city,0.0788792931905918,0.0863745051154404
39740,"Reading, PA",4263624,Reading city,0.5936926170975546,0.3256846533796648
39820,"Redding, CA",0659920,Redding city,0.03480319621189701,0.037814271181514314
39900,"Reno, NV",3260600,Reno city,0.0463865715147251,0.03453513305476138
40060,"Richmond, VA",5167000,Richmond city,0.28314297479465117,0.10091669087505245
40140,"Riverside-San Bernardino-Ontario, CA",0662000,Riverside city,0.07035935102970574,0.03311515687036642
40220,"Roanoke, VA",5168000,Roanoke city,0.20989018273416268,0.1273693711764116
40340,"Rochester, MN",2754880,Rochester city,0.11526232114467408,0.21000027013155406
40380,"Rochester, NY",3663000,Rochester city,0.5541073933079543,0.3033266854265133
40420,"Rockford, IL",1765000,Rockford city,0.22478658009338595,0.177309772142538
40580,"Rocky Mount, NC",3757500,Rocky Mount city,0.09374871224296369,0.09604769626390186
40660,"Rome, GA",1366668,Rome city,0.16038453558337368,0.11924074832718831
40900,"Sacramento--Roseville--Arden-Arcade, CA",0664000,Sacramento city,0.12956794416584305,0.05383919292960233
40980,"Saginaw, MI",2670520,Saginaw city,0.389924354675193,0.2044792702181159
41060,"St. Cloud, MN",2756896,St. Cloud city,0.16018267200896127,0.17184044171856128
41100,"St. George, UT",4965330,St. George city,0.02271972679409951,0.031059816875925215
41140,"St. Joseph, MO-KS",2964550,St. Joseph city,0.3505535055350554,0.31763705403053555
41180,"St. Louis, MO-IL",2965000,St. Louis city,0.4850754731959581,0.17422909194816016
41420,"Salem, OR",4164900,Salem city,0.09932998324958124,0.10000376974403438
41500,"Salinas, CA",0664224,Salinas city,0.05874482480056548,0.0814984663042488
41540,"Salisbury, MD-DE",2469925,Salisbury city,0.15856280069607945,0.09361734343483503
41620,"Salt Lake City, UT",4967000,Salt Lake City city,0.3171548769086943,0.10330357142857143
41660,"San Angelo, TX",4864472,San Angelo city,0.07435870256518974,0.0758866830247602
41700,"San Antonio-New Braunfels, TX",4865000,San Antonio city,0.0662860071852748,0.06356991210204242
41740,"San Diego-Carlsbad, CA",0666000,San Diego city,0.07687820911281601,0.05127342332685029
41860,"San Francisco-Oakland-Hayward, CA",0667000,San Francisco city,0.49867398499972587,0.20788460425440286
41940,"San Jose-Sunnyvale-Santa Clara, CA",0668000,San Jose city,0.052458946561308596,0.05393334989292212
42020,"San Luis Obispo-Paso Robles-Arroyo Grande, CA",0668154,San Luis Obispo city,0.11339193381592555,0.06210706428746028
42100,"Santa Cruz-Watsonville, CA",0669112,Santa Cruz city,0.22218080149114633,0.12936797710193884
42140,"Santa Fe, NM",3570500,Santa Fe city,0.09741537654159013,0.07213046567650475
42200,"Santa Maria-Santa Barbara, CA",0669070,Santa Barbara city,0.19030583425236033,0.08794899965710527
42220,"Santa Rosa, CA",0670098,Santa Rosa city,0.05829884897590152,0.09079294360452736
42340,"Savannah, GA",1369000,Savannah city,0.16355920411854738,0.0987455826062827
42540,"Scranton--Wilkes-Barre--Hazleton, PA",4269000,Scranton city,0.628990264885669,0.44863329390214474
42660,"Seattle-Tacoma-Bellevue, WA",5363000,Seattle city,0.32433391489487534,0.12728613733789354
42680,"Sebastian-Vero Beach, FL",1274150,Vero Beach city,0.049061767005473024,0.019878415253359125
42700,"Sebring, FL",1264875,Sebring city,0.09122098890010091,0.021762273267002415
43100,"Sheboygan, WI",5572975,Sheboygan city,0.3845483723062815,0.33712756001479965
43300,"Sherman-Denison, TX",4867496,Sherman city,0.10987463967285648,0.10884818379385285
43340,"Shreveport-Bossier City, LA",2270000,Shreveport city,0.07823195775474281,0.06255278922903953
43420,"Sierra Vista-Douglas, AZ",0466820,Sierra Vista city,0.004289098009090327,0.08878065954700153
43580,"Sioux City, IA-NE-SD",1973335,Sioux City city,0.35543593990299305,0.33226578868602213
43620,"Sioux Falls, SD",4659020,Sioux Falls city,0.134154357744954,0.19046863219713503
43780,"South Bend-Mishawaka, IN-MI",1871000,South Bend city,0.2867402119835605,0.21785067648609213
43900,"Spartanburg, SC",4568290,Spartanburg city,0.12387082204155375,0.09048754747085269
44060,"Spokane-Spokane Valley, WA",5367000,Spokane city,0.2899175880309669,0.17345842619922494
44100,"Springfield, IL",1772000,Springfield city,0.19735743314714124,0.18376972582209292
44140,"Springfield, MA",2567000,Springfield city,0.3627476623291702,0.2959226239162441
44180,"Springfield, MO",2970000,Springfield city,0.13792807361506648,0.11640137258535525
44220,"Springfield, OH",3974118,Springfield city,0.3675983754820655,0.24777253668763102
44300,"State College, PA",4273808,State College borough,0.09857463164638053,0.17396211508436635
44420,"Staunton-Waynesboro, VA",5175216,Staunton city,0.2465714011700393,0.15742591466064135
44700,"Stockton-Lodi, CA",0675000,Stockton city,0.08451750380517503,0.08125396489744131
44940,"Sumter, SC",4570405,Sumter city,0.07258064516129033,0.04969940839740365
45060,"Syracuse, NY",3673000,Syracuse city,0.48043873540970145,0.2879256409334436
45220,"Tallahassee, FL",1270600,Tallahassee city,0.02712107256166206,0.03077193085090824
45300,"Tampa-St. Petersburg-Clearwater, FL",1271000,Tampa city,0.1081501237769657,0.035477923982870314
45460,"Terre Haute, IN",1875428,Terre Haute city,0.426730198406499,0.3339585430774111
45500,"Texarkana, TX-AR",4872368,Texarkana city,0.08217095260130892,0.0669360824742268
45540,"The Villages, FL",1271625,The Villages CDP,0.006523028266455821,0.03226830720381028
45780,"Toledo, OH",3977000,Toledo city,0.32676579925650556,0.2580868521574556
45820,"Topeka, KS",2071000,Topeka city,0.18151236699066942,0.18960831500767603
45940,"Trenton, NJ",3474000,Trenton city,0.5101156069364162,0.23527911164465787
46060,"Tucson, AZ",0477000,Tucson city,0.04334769676632093,0.03025056102874812
46140,"Tulsa, OK",4075000,Tulsa city,0.09452284515658167,0.09172435451057497
46220,"Tuscaloosa, AL",0177256,Tuscaloosa city,0.05330435528611056,0.05388647765063976
46340,"Tyler, TX",4874144,Tyler city,0.06860180575478862,0.05440649363328266
46520,"Urban Honolulu, HI",1517000,Honolulu CDP,0.06142103505001292,0.0439415420838766
46540,"Utica-Rome, NY",3676540,Utica city,0.5345974489096146,0.3822619762810671
46660,"Valdosta, GA",1378800,Valdosta city,0.061030146788025465,0.05336157136331548
46700,"Vallejo-Fairfield, CA",0681666,Vallejo city,0.11581351279123442,0.05687182651490934
47020,"Victoria, TX",4875428,Victoria city,0.05574394177487387,0.06711390943333975
47220,"Vineland-Bridgeton, NJ",3476070,Vineland city,0.15788720297738335,0.21597336511359552
47260,"Virginia Beach-Norfolk-Newport News, VA-NC",5182000,Virginia Beach city,0.012552610659551261,0.06488607140337714
47300,"Visalia-Porterville, CA",0682954,Visalia city,0.03470041164811709,0.06278053143205811
47380,"Waco, TX",4876000,Waco city,0.09412816431546127,0.09237125890993261
47460,"Walla Walla, WA",5375775,Walla Walla city,0.290607252075142,0.2457155191020937
47580,"Warner Robins, GA",1380508,Warner Robins city,0.0037998443437256787,0.026048726236402184
47900,"Washington-Arlington-Alexandria, DC-VA-MD-WV",1150000,Washington city,0.34585311721151923,0.09535880340633854
47940,"Waterloo-Cedar Falls, IA",1982425,Waterloo city,0.24868550493571695,0.25671686746987954
48060,"Watertown-Fort Drum, NY",3678608,Watertown city,0.5175903614457832,0.36550767523580546
48140,"Wausau, WI",5584475,Wausau city,0.3122790195960928,0.22843526608419382
48260,"Weirton-Steubenville, WV-OH",5485156,Weirton city,0.1470619042631193,0.24769727391032467
48300,"Wenatchee, WA",5377105,Wenatchee city,0.18168377109062445,0.1380129639454684
48540,"Wheeling, WV-OH",5486452,Wheeling city,0.49417488157726286,0.3589199029126214
48620,"Wichita, KS",2079000,Wichita city,0.12013153567905294,0.1386789650848129
48660,"Wichita Falls, TX",4879000,Wichita Falls city,0.11682041967401176,0.12210658387890681
48700,"Williamsport, PA",4285312,Williamsport city,0.5888050872522922,0.36028514791094846
48900,"Wilmington, NC",3774440,Wilmington city,0.11775371703880226,0.06150536777740156
49020,"Winchester, VA-WV",5186720,Winchester city,0.20770756588268632,0.12299571976669402
49180,"Winston-Salem, NC",3775000,Winston-Salem city,0.08795982575024201,0.07932855787360371
49340,"Worcester, MA-CT",2582000,Worcester city,0.43260325495242,0.32314581518657304
49420,"Yakima, WA",5380010,Yakima city,0.15461155759663223,0.1277439563493066
49620,"York-Hanover, PA",4287048,York city,0.5788905676667386,0.24042240939254722
49660,"Youngstown-Warren-Boardman, OH-PA",3988000,Youngstown city,0.36207546154260184,0.23572279911816715
49700,"Yuba City, CA",0686972,Yuba City city,0.05371009490940466,0.07377097438916691
49740,"Yuma, AZ",0485540,Yuma city,0.024738914569423044,0.01824925816023739
