cbsa_fips,cbsa,clusterz_13,clusterz_11,clusterz_21,clusterz_17,clusterm_13,clusterm_11,clusterm_21,clusterm_17,density,age_pct_u18,age_pct_o64,nat_nativity,laus_lfpr,access,city_age,r1_per_100k,st_cap,mfg_lq_gmp,chartbl_per_cap,freight_sqmi,enplane_per_cap,hist_bldgs,city_decades_since_peak,city_decline_since_peak,pctchg_00_05,vacancy_msa,pct_prewar_city,pct_ph,med_val_cbsa,prop_crimes_per100k,pct_low_inf_bw,pct_obese_adult,pct_uninsured_adult,pov_poverty_rate,gini,pct_deficient,sfund_per_sqmi,edu_no_hs_diploma,edu_bachelors_plus
10180,"Abilene, TX",1,1,1,1,1,1,1,1,58.2605,0.2603,0.1299,0.9612,0.4981,42.6628,50,0,0,0.61,1190.5837,4e-4,0.4869,1,0,0,0.0032,0.1034,0.0839,0.016,102000,3853.5466,8.1967,27.4333,23.3667,0.1459,0.4612,0,0,0.2131,0.1955
10420,"Akron, OH",2,2,2,2,2,2,2,2,761.1377,0.2476,0.1342,0.9469,0.5417,42.6803,100,0,0,1.49,853.0916,0.0119,1.0129,9,5,0.3142,0.0108,0.0575,0.347,0.0415,140800,3710.4732,7.955,28.15,11.9,0.098,0.4656,0,0.0022,0.1426,0.2428
10500,"Albany, GA",1,1,3,3,1,1,1,1,80.0558,0.2831,0.1102,0.9605,0.4739,41.9265,50,0,0,1.21,74.7407,0.002,0.2456,2,2,0.0088,-0.006,0.0996,0.0415,0.0324,111700,4325.4338,11.444,31.38,16.5,0.2153,0.4825,0.139,0.0015,0.2677,0.1567
10580,"Albany-Schenectady-Troy, NY",2,2,2,2,3,3,3,3,297.4345,0.2384,0.1397,0.9401,0.5316,81.5349,160,0.234,1,0.63,486.8874,0.0042,1.7942,59,6,0.2751,0.0348,0.0921,0.4987,0.0307,203300,2637.8299,7.058,25.36,13.98,0.0929,0.443,0,0.0017,0.1392,0.2911
10740,"Albuquerque, NM",3,3,4,4,4,4,4,4,87.0898,0.2641,0.1125,0.9442,0.487,44.8312,60,0.1235,0,0.71,95.5014,9e-4,3.9156,0,0,0,0.1095,0.081,0.0362,0.0132,181300,4759.4284,7.765,22.325,22.425,0.139,0.4641,0,4e-4,0.1628,0.2808
10780,"Alexandria, LA",1,1,3,3,1,1,1,1,72.9457,0.2737,0.1301,0.9667,0.4581,35.7882,30,0,0,0.82,173.9061,5e-4,0.9362,3,3,0.076,0.02,0.1053,0.0902,0.0301,128700,4769.1476,9.92,29.65,21.6,0.2067,0.4753,0,0,0.2558,0.1567
10900,"Allentown-Bethlehem-Easton, PA-NJ",4,4,5,5,2,2,5,5,534.6654,0.2386,0.156,0.9565,0.5171,55.6479,100,0,0,1.15,410.4724,0.0048,0.5321,10,0,0,0.0639,0.0698,0.4097,0.0265,202800,2549.3248,7.9075,28.25,12.925,0.0828,0.4428,0,0.0081,0.1868,0.2168
11020,"Altoona, PA",5,2,6,6,5,5,6,6,240.7296,0.2267,0.1739,0.965,0.5112,41.2068,100,0,0,1.25,42.235,0.0095,0.0541,2,8,0.4355,-0.0187,0.0643,0.5568,0.0325,117300,2487.9665,6.86,30.8,10.4,0.1264,0.4439,0,0.0019,0.1624,0.1388
11100,"Amarillo, TX",6,5,7,7,4,4,4,4,46.3712,0.2717,0.1198,0.9582,0.5308,30.9257,70,0,0,1.12,452.9174,0.001,1.857,1,0,0,0.051,0.0693,0.0827,0.007,129900,5340.2945,8.88,27.3667,22.7667,0.1359,0.4593,0.0028,2e-4,0.1986,0.2081
11180,"Ames, IA",7,6,8,8,6,4,7,7,144.71,0.1906,0.0984,0.9176,0.5661,98.8939,10,1.2065,0,1.33,144.1825,0,0,0,0,0,0.0363,0.0407,0.1223,0.0117,172900,2685.6812,5.38,26.2,16.8,0.1406,0.4677,0,0,0.0647,0.445
11260,"Anchorage, AK",3,3,9,9,4,4,8,8,13.2056,0.2972,0.0555,0.9391,0.5294,53.5761,30,0,0,0.07,1765.4594,2e-4,7.0149,2,0,0,0.0979,0.0965,0.0061,0.0137,284300,3553.6886,6.24,27.3,18.6,0.0803,0.4184,0,1e-4,0.101,0.2697
11460,"Ann Arbor, MI",7,6,8,8,6,4,7,7,474.4881,0.2208,0.0814,0.8947,0.555,96.6969,50,0.2922,0,1.08,890.5644,0.0014,0,1,1,8e-4,0.0599,0.0438,0.1684,0.0331,231500,2970.7744,7.29,27,15.3,0.1108,0.4785,0,0,0.0847,0.4814
11500,"Anniston-Oxford-Jacksonville, AL",5,2,10,6,5,5,6,6,186.9295,0.2357,0.1414,0.964,0.4713,15.5579,0,0,0,1.3,64.832,0.0016,0,3,5,0.3065,0.0198,0.1172,0.147,0.0346,110100,4797.4702,9.35,33.2,13.3,0.1611,0.4629,0,0.0016,0.261,0.1522
11540,"Appleton, WI",4,4,11,10,4,4,9,4,207.722,0.2785,0.1089,0.9427,0.5555,40.887,40,0,0,1.77,165.5547,0.0038,1.3856,0,0,0,0.071,0.0374,0.2217,0.014,161800,2124.8119,6.115,27.15,9.65,0.0445,0.4055,0,0.0019,0.1203,0.2216
11700,"Asheville, NC",3,3,4,4,1,1,1,1,194.2486,0.2142,0.1748,0.9564,0.5002,29.5418,80,0,0,1.34,89.6505,0.001,0.7962,10,0,0,0.0738,0.12,0.2259,0.0205,198100,3248.4208,8.8075,25.45,18.05,0.1123,0.4554,0,0.0025,0.1907,0.2311
12020,"Athens-Clarke County, GA",7,6,8,8,6,4,7,7,172.8789,0.2171,0.0893,0.9193,0.5543,77.1581,10,0.5587,0,1.47,57.0528,0,0.0429,4,0,0,0.0776,0.0612,0.07,0.0318,162600,4160.9396,8.0725,27.425,24.775,0.2076,0.5089,0.0758,0.001,0.2062,0.3242
12060,"Atlanta-Sandy Springs-Roswell, GA",6,5,12,11,3,3,3,3,539.7552,0.2663,0.0771,0.9219,0.5417,50.3922,120,0.0419,1,0.62,748.1857,0.0059,8.8878,40,4,0.1516,0.119,0.0551,0.1678,0.0219,184200,4178.2107,8.5097,27.9379,18.0759,0.0952,0.4723,0.0109,0,0.1652,0.3132
12100,"Atlantic City-Hammonton, NJ",4,4,5,5,2,2,5,5,443.592,0.2528,0.1364,0.9575,0.5042,89.0213,90,0,0,0.18,70.2662,0.0016,1.7281,1,8,0.4024,0.0704,0.1671,0.2641,0.0543,219000,3991.3884,8.52,26.5,15.6,0.105,0.4631,0,0.0115,0.2184,0.1869
12220,"Auburn-Opelika, AL",6,5,7,7,6,4,7,7,204.7038,0.2329,0.0811,0.9353,0.5037,47.1643,0,0,0,1.42,75.2823,0,0,1,0,0,0.0959,0.0919,0.0271,0.0289,157100,4184.4719,8.12,30.2,22.7,0.2181,0.5008,0,0,0.1859,0.2791
12260,"Augusta-Richmond County, GA-SC",1,1,3,3,4,4,4,4,148.2654,0.2721,0.11,0.9577,0.4826,33.6846,90,0,0,1.24,219.1936,0.002,0.2939,15,0,0,0.0458,0.1007,0.0762,0.0297,133500,4495.2512,10.4243,31.0714,17.3286,0.1544,0.4664,0.0073,8e-4,0.2183,0.2025
12420,"Austin-Round Rock, TX",6,5,12,11,4,4,8,8,339.2019,0.2537,0.0725,0.9005,0.5493,53.2929,80,0.0688,1,1.1,1360.5826,0.0019,2.5086,3,0,0,0.1629,0.0487,0.0379,0.013,240500,4082.339,7.178,25.58,23.1,0.1107,0.4625,0,0,0.1521,0.3669
12540,"Bakersfield, CA",8,7,13,12,7,1,10,9,93.207,0.3195,0.0938,0.9694,0.4295,35.9677,50,0,0,0.67,62.8158,7e-4,0.21,1,0,0,0.1497,0.0989,0.0429,0.0098,190600,4466.6542,6.83,29.4,16.4,0.2076,0.462,0,2e-4,0.3153,0.1352
12580,"Baltimore-Columbia-Towson, MD",9,8,14,13,8,6,11,10,976.7314,0.253,0.1203,0.942,0.5167,76.7953,190,0.0378,1,0.52,2697.6581,0.0118,3.7173,108,6,0.3462,0.0357,0.0706,0.3685,0.0389,285700,3487.3277,8.4929,26.3,12.8286,0.098,0.4557,0,0.0037,0.1811,0.292
12620,"Bangor, ME",5,2,6,6,5,5,12,11,42.1772,0.2284,0.1306,0.9513,0.5162,57.0163,0,0,0,0.6,108.1387,6e-4,2.8974,1,5,0.1509,0.0332,0.1309,0.4498,0.0294,137900,2834.511,6.66,28,11.2,0.1368,0.4524,0,6e-4,0.143,0.2032
12700,"Barnstable Town, MA",10,9,15,14,9,7,13,12,494.0907,0.2045,0.2307,0.9671,0.5502,51.9419,0,0,0,0.23,428.7542,0.0022,0.8469,9,1,0.055,-0.0011,0.3553,0.122,0.0107,375000,2405.91,6.59,19.6,11.9,0.0689,0.4585,0.5253,0.0022,0.0819,0.3359
12940,"Baton Rouge, LA",6,5,7,7,4,4,4,4,174.3745,0.2703,0.0965,0.9489,0.4941,33.7581,60,0.1363,1,1.99,312.6415,0.0017,0.7033,27,0,0,0.0393,0.0916,0.0621,0.0163,168200,4704.0367,10.6344,30.7556,21.7111,0.1714,0.474,0.1014,0.0014,0.2062,0.2276
12980,"Battle Creek, MI",1,1,1,1,10,8,14,13,193.7195,0.2598,0.1367,0.9562,0.5162,54.4605,20,0,0,2.96,3557.3462,0.007,0,2,2,0.0223,0.007,0.0782,0.2788,0.0349,102600,4063.4491,7.89,30.3,9.2,0.1125,0.4444,0,0.0042,0.1677,0.1602
13020,"Bay City, MI",5,2,6,6,5,5,6,6,242.0916,0.2446,0.1468,0.9585,0.5089,33.7797,60,0,0,1.51,83.4802,0.0067,0,0,5,0.3483,-0.009,0.0537,0.5019,0.0358,96800,2703.2474,7.06,31,10.3,0.0974,0.4421,0,0.0022,0.1757,0.1418
13140,"Beaumont-Port Arthur, TX",1,1,1,1,1,1,1,1,123.3875,0.2644,0.1326,0.9665,0.462,20.999,80,0,0,3.94,262.0237,0.0031,0.1169,1,5,0.0074,-0.0116,0.0983,0.0906,0.0343,102900,4436.9886,8.83,29.025,19.825,0.1587,0.4798,0.0385,6e-4,0.2167,0.1436
13380,"Bellingham, WA",3,3,4,4,4,4,9,4,85.8457,0.2413,0.1163,0.9451,0.5528,87.4594,20,0,0,2.12,84.6023,0.0028,0.5459,0,0,0,0.1117,0.1278,0.2226,0.0123,299800,5135.6161,5.1,23.1,17,0.1422,0.4476,0,0.0014,0.125,0.2723
13460,"Bend-Redmond, OR",3,3,4,4,4,4,9,4,46.1246,0.2478,0.1308,0.9547,0.5302,42.798,10,0,0,0.66,97.7532,0,1.2851,1,0,0,0.2184,0.1647,0.0718,0.0056,298200,4249.2192,6.03,17.3,20.2,0.0929,0.4484,0,0,0.1164,0.2497
13740,"Billings, MT",3,3,4,4,4,4,9,4,25.2992,0.254,0.1359,0.953,0.5688,61.4932,50,0,0,1.56,692.7299,9e-4,2.7224,1,0,0,0.0615,0.066,0.0981,0.023,211200,4528.1977,7.105,25.95,20.85,0.1124,0.4582,0.0757,2e-4,0.1171,0.2608
13780,"Binghamton, NY",5,2,6,6,2,2,2,2,203.9278,0.2382,0.157,0.953,0.4863,74.6281,90,0,0,1.64,568.3713,8e-4,0.4857,14,6,0.4127,-9e-4,0.0885,0.5583,0.0173,113100,2451.1282,7.555,27.3,15.6,0.119,0.4557,0,0.0065,0.16,0.2204
13820,"Birmingham-Hoover, AL",5,2,10,6,5,5,6,6,202.2227,0.2502,0.1279,0.9497,0.4884,20.0017,100,0.0921,0,0.77,548.5078,0.0058,1.4687,4,5,0.3774,0.0324,0.0924,0.1471,0.0311,152200,4697.2433,9.08,31.8,16.2,0.1356,0.4802,0,2e-4,0.2124,0.2273
13900,"Bismarck, ND",3,3,4,4,4,4,9,4,19.4077,0.2598,0.1275,0.9507,0.5781,26.5088,10,0,1,0.69,388.7558,4e-4,1.6478,0,0,0,0.0507,0.0543,0.0728,0.0151,223600,2054.898,6.5733,30.1333,10.1333,0.0971,0.4432,0.0044,0,0.1454,0.2482
13980,"Blacksburg-Christiansburg-Radford, VA",7,6,8,8,1,1,1,1,116.2133,0.1839,0.115,0.9385,0.49,79.4733,0,0.5848,0,2.54,28.7907,0,0,11,0,0,0.0354,0.0756,0.0428,0.0165,168700,2450.4357,7.288,25.82,19.3,0.1913,0.4738,0.0552,0,0.2155,0.2439
14010,"Bloomington, IL",3,3,4,4,6,4,7,7,111.3673,0.2357,0.1034,0.9317,0.5398,75.7709,20,0,0,0.53,216.5421,0.0025,1.2874,0,0,0,0.0585,0.0556,0.2063,0.0246,158700,1259.2153,7.685,27.25,12.35,0.0955,0.4559,0,0,0.1011,0.3355
14020,"Bloomington, IN",7,6,8,8,6,4,7,7,187.9817,0.1929,0.0974,0.9098,0.5226,92.2245,30,0.6662,0,1.48,29.3659,0,0,3,0,0,0.0544,0.0909,0.0985,0.021,155300,3240.5927,7.125,27.85,20.05,0.1732,0.4981,0.16,0.005,0.1396,0.3414
14260,"Boise City, ID",6,5,7,7,4,4,4,4,46.3083,0.2843,0.0993,0.9468,0.5147,28.3886,40,0,1,1.13,1763.572,4e-4,2.891,3,0,0,0.1767,0.06,0.0797,0.0095,192600,3074.1526,6.706,27.06,20.36,0.0935,0.4579,0.0551,0,0.1414,0.255
14460,"Boston-Cambridge-Newton, MA-NH",9,8,14,13,3,3,3,3,1205.6957,0.2344,0.1261,0.9246,0.5364,97.6675,180,0.1132,1,0.84,2009.1068,0.0104,2.9959,64,6,0.2294,0.0061,0.0411,0.5347,0.0477,393500,2243.8879,7.3714,22.4143,11.7286,0.0853,0.4807,0,0.0087,0.133,0.3695
14500,"Boulder, CO",7,6,8,8,6,4,7,7,378.8379,0.2295,0.0778,0.9025,0.5996,93.2292,40,0.3568,0,1.24,563.456,0.0014,0,2,0,0,-0.0379,0.0435,0.0828,0.0105,423500,3699.6728,7.64,12.5,20.4,0.0949,0.4792,0,0.0027,0.072,0.5238
14540,"Bowling Green, KY",1,1,1,1,1,1,1,1,89.0639,0.2373,0.1145,0.9534,0.5138,38.6615,0,0,0,1.82,115.6297,0.0024,0,8,0,0,0.0811,0.1088,0.0931,0.0313,134200,2586.3841,8.065,31.025,19.35,0.1602,0.4674,0.0658,0,0.2562,0.1884
14740,"Bremerton-Silverdale, WA",4,4,5,5,2,2,5,5,553.7781,0.2676,0.1058,0.9598,0.5046,92.8168,0,0,0,0.17,91.6915,0,0,0,2,0.0108,0.0338,0.0672,0.2138,0.0171,277500,2909.4351,6.13,27.6,12.9,0.0875,0.4258,0,0.0162,0.0923,0.2533
14860,"Bridgeport-Stamford-Norwalk, CT",11,8,16,15,2,2,2,2,1373.7115,0.2563,0.1328,0.9508,0.5033,79.6577,110,0,0,1.24,2351.8997,0.0077,0,11,6,0.0912,0.0171,0.0449,0.3064,0.0323,417800,2222.908,7.28,17.9,13.4,0.069,0.5443,0,0.0031,0.1563,0.3985
15180,"Brownsville-Harlingen, TX",8,7,13,12,7,1,10,9,369.6895,0.338,0.1115,0.9805,0.3755,37.0767,40,0,0,0.69,28.7474,0.0069,1.3549,0,0,0,0.114,0.1871,0.0373,0.0288,82500,5086.643,7.15,25.4,33.6,0.3305,0.4899,0,0,0.4475,0.1336
15260,"Brunswick, GA",1,1,3,3,5,5,6,6,72.8224,0.2611,0.1345,0.9627,0.5093,26.6452,0,0,0,0.73,158.398,0.0014,0.3671,2,5,0.2912,0.0912,0.1787,0.1875,0.0226,136300,4485.2854,9.0367,28.8333,19.7667,0.1564,0.4954,0.0729,0.0029,0.2052,0.1967
15380,"Buffalo-Cheektowaga-Niagara Falls, NY",2,2,2,2,2,2,2,2,725.3481,0.2434,0.1582,0.95,0.5084,75.3744,150,0.0871,0,1.37,880.749,0.0139,2.1217,13,6,0.5496,-0.0184,0.0838,0.5768,0.0312,135000,3039.4502,8.11,26.75,11.8,0.1188,0.4619,0,0.0038,0.1704,0.2321
15500,"Burlington, NC",1,1,1,1,1,1,1,1,320.9275,0.2382,0.1412,0.9558,0.4932,16.1791,0,0,0,1.75,136.9121,0,0,5,0,0,0.0651,0.0699,0.1169,0.0261,145500,4095.154,8.94,28.8,18.5,0.1114,0.4594,0,0,0.2345,0.1919
15540,"Burlington-South Burlington, VT",3,3,4,4,6,4,7,7,137.5162,0.2463,0.0987,0.9286,0.5682,82.6002,0,0,0,1.06,362.9376,0.002,3.3423,5,0,0,0.039,0.0815,0.3877,0.0252,261700,3161.0989,7.06,23.4333,13.7,0.0879,0.4488,0.0124,0.0013,0.1149,0.3484
15940,"Canton-Massillon, OH",5,2,6,6,5,5,6,6,414.1395,0.2487,0.1502,0.9625,0.5048,29.7743,100,0,0,2.02,613.7544,0.0051,0,4,6,0.3755,-0.0043,0.0623,0.4289,0.0291,126300,3691.3083,8.37,30.2,12.3,0.0935,0.4418,0,0.002,0.1681,0.1732
15980,"Cape Coral-Fort Myers, FL",12,10,17,16,9,7,15,12,623.4236,0.1959,0.2543,0.9671,0.4914,27.4974,20,0,0,0.22,147.0587,0.0045,6.6693,0,0,0,0.2589,0.2315,0.0023,0.0114,190200,3347.3927,8.16,24.9,27.9,0.0973,0.4786,0,0,0.1771,0.211
16180,"Carson City, NV",3,3,4,4,4,4,9,4,356.3253,0.2339,0.1494,0.9649,0.4859,25.1074,10,0,1,0.82,266.5374,0,0,2,0,0,0.0672,0.0522,0.0192,0.0104,217400,2588.332,7.63,23.7,20.1,0.1002,0.4509,0,0,0.1753,0.1847
16220,"Casper, WY",3,3,4,4,4,4,4,4,13.0266,0.26,0.1266,0.9566,0.5595,27.5647,30,0,0,0.3,2123.4883,2e-4,1.269,3,0,0,0.0509,0.1025,0.1255,0.0169,198600,4740.9971,7.2,25,12.1,0.1184,0.4325,0,2e-4,0.1174,0.2002
16300,"Cedar Rapids, IA",4,4,11,10,4,4,4,4,122.5996,0.2538,0.1288,0.9434,0.5585,47.9562,80,0,0,1.19,1366.9694,0.0035,2.0276,6,0,0,0.0423,0.0504,0.2207,0.0126,149400,3213.9607,6.2167,27.8333,10.4333,0.0663,0.4272,0,5e-4,0.1018,0.2491
16580,"Champaign-Urbana, IL",7,6,8,8,6,4,7,7,115.1969,0.2169,0.1083,0.9161,0.5307,98.386,40,0.4517,0,0.88,119.855,0.0016,0.5966,1,0,0,0.0529,0.0616,0.1353,0.0161,148600,2440.3794,7.3567,27.0333,16.7333,0.1451,0.4971,0,5e-4,0.0962,0.3454
16620,"Charleston, WV",5,2,10,6,5,5,6,6,130.3765,0.217,0.1607,0.9576,0.4517,48.4208,80,0,1,0.58,611.3185,0.0011,1.3844,0,5,0.4009,-0.0292,0.0877,0.2513,0.0337,105100,5584.1531,8.7867,32.8333,17.0333,0.1578,0.4719,0,0,0.2233,0.1863
16700,"Charleston-North Charleston, SC",6,5,7,7,4,4,4,4,211.3447,0.2574,0.1037,0.9394,0.4942,52.2058,120,0,0,0.97,180.1713,0.0067,1.792,22,0,0,0.0898,0.1074,0.1786,0.0219,207500,4330.5093,9.5567,30.0333,18.0333,0.1403,0.4712,0,7e-4,0.187,0.2503
16740,"Charlotte-Concord-Gastonia, NC-SC",6,5,12,11,3,3,3,3,373.6279,0.2545,0.1045,0.934,0.5172,44.5304,80,0,0,1,2066.9089,0.0052,7.2432,43,0,0,0.1262,0.0685,0.0398,0.0176,177000,3991.8973,8.983,28.6,17.06,0.095,0.4761,0,0.0021,0.2034,0.249
16820,"Charlottesville, VA",7,6,8,8,3,3,3,3,91.4931,0.2217,0.1228,0.931,0.5067,85.2221,0,0.4879,0,0.43,1960.8818,0,0.9666,64,0,0,0.0808,0.0906,0.1839,0.0121,267800,2392.9748,8.0767,26.9,18.7833,0.122,0.4727,0.0387,0.0013,0.1916,0.3562
16860,"Chattanooga, TN-GA",1,1,1,1,4,4,4,4,233.6458,0.2378,0.1347,0.9579,0.5029,31.3088,90,0,0,1.39,1475.191,0.0075,0.4992,3,3,0.0109,0.0483,0.0766,0.1336,0.029,152600,4627.2349,10.1633,29.2667,14.8167,0.1199,0.471,0,0.0014,0.2328,0.1945
16940,"Cheyenne, WY",3,3,9,9,4,4,9,4,31.9522,0.2576,0.1146,0.9523,0.4824,27.4761,20,0,1,1.95,625.5067,7e-4,0.1764,2,0,0,0.0505,0.0668,0.1516,0.0177,202800,3656.7443,9.4,24.2,14.3,0.091,0.4118,0,4e-4,0.1087,0.2345
16980,"Chicago-Naperville-Elgin, IL-IN-WI",2,2,2,2,2,2,2,2,1271.5903,0.269,0.1089,0.9339,0.5065,83.4475,150,0.0323,0,0.98,1761.1583,0.0192,4.8642,29,6,0.2556,0.0196,0.0526,0.38,0.0277,222600,1846.7165,7.2664,26.9286,14.8714,0.1047,0.483,0,0.0027,0.1888,0.2896
17020,"Chico, CA",3,3,4,4,4,4,9,4,128.1765,0.24,0.1578,0.9519,0.4578,64.1278,10,0,0,0.43,12.6964,0,0.0829,0,0,0,0.057,0.0697,0.097,0.0129,238200,3415.5677,5.7,25.1,16.3,0.1979,0.4868,0,0.0018,0.1774,0.2184
17140,"Cincinnati, OH-KY-IN",2,2,2,2,3,3,3,3,485.1136,0.2647,0.1169,0.9422,0.5299,53.945,160,0.0487,0,1.36,692.643,0.0073,5.4879,41,6,0.4108,0.0301,0.0645,0.4002,0.0292,158800,3595.2969,7.7873,29.3,14.5333,0.0953,0.4667,0.006,0.0014,0.1749,0.249
17300,"Clarksville, TN-KY",3,3,9,9,1,1,1,1,135.9361,0.2808,0.0894,0.9524,0.4128,42.0299,30,0,0,1.53,3.8379,0.0017,0,3,0,0,0.082,0.0888,0.0313,0.0226,144300,3139.2946,9.3233,29.6,16.5333,0.1171,0.4293,0,0,0.1873,0.1664
17420,"Cleveland, TN",1,1,1,1,1,1,1,1,141.3728,0.2351,0.1213,0.9625,0.4886,14.7746,0,0,0,2.54,14.7835,0.0026,0,1,0,0,0.0519,0.0783,0.0681,0.0256,146100,3511.562,9.24,29.45,15.95,0.1235,0.4668,0,0,0.2849,0.1455
17460,"Cleveland-Elyria, OH",2,2,2,2,2,2,2,2,1048.2397,0.2537,0.145,0.9446,0.5107,63.371,140,0.0474,0,1.29,1803.2875,0.0194,2.6186,11,6,0.5662,-0.017,0.0639,0.4927,0.0339,142400,3037.2226,7.55,28.16,12.86,0.1076,0.4826,0,0.0015,0.1701,0.2389
17660,"Coeur d'Alene, ID",3,3,4,4,4,4,9,4,96.4887,0.2714,0.1228,0.9646,0.5333,28.4889,0,0,0,0.61,59.6229,0,0,1,0,0,0.1591,0.1137,0.1357,0.0098,212900,3449.973,5.8,24,14.6,0.1047,0.4392,0,8e-4,0.127,0.1908
17780,"College Station-Bryan, TX",7,6,8,8,6,4,7,7,95.2951,0.2254,0.0843,0.9302,0.5055,76.2375,20,0.4914,0,0.72,138.0806,9e-4,0.4299,0,0,0,0.1007,0.0979,0.0105,0.0151,159300,4350.86,7.9333,27.5,29.8667,0.254,0.5073,0,0,0.2135,0.3148
17820,"Colorado Springs, CO",3,3,9,9,6,4,7,7,218.7736,0.275,0.0862,0.9415,0.5136,64.7267,50,0,0,0.71,1136.8812,0.0015,1.7447,3,0,0,0.0936,0.0582,0.077,0.0095,239100,4082.834,10.085,18.85,17.05,0.0794,0.4331,0,0,0.0863,0.3175
17860,"Columbia, MO",7,6,8,8,6,4,7,7,215.4784,0.2281,0.0859,0.9115,0.5762,59.3826,40,0.6721,0,0.54,228.7514,0.0029,0.1479,2,0,0,0.0984,0.0632,0.0667,0.0195,177800,3114.5403,8.3,28.7,16.2,0.1452,0.4759,0,0,0.1081,0.4173
17900,"Columbia, SC",6,5,7,7,4,4,4,4,182.3141,0.2509,0.1054,0.9391,0.5082,43.0911,80,0.143,1,0.83,102.0426,0.0016,1.0378,17,0,0,0.0804,0.0888,0.1233,0.0231,145900,3982.3502,10.1733,30.4167,19.1333,0.1236,0.4586,0.0301,0.0016,0.1786,0.2657
17980,"Columbus, GA-AL",1,1,3,3,1,1,1,1,146.0435,0.268,0.1143,0.9563,0.4454,22.9173,70,0,0,0.8,696.1738,0.0015,0.1777,7,0,0,0.0163,0.1016,0.072,0.0375,140800,5573.0938,9.43,31.06,20.22,0.1577,0.4876,0.0404,0,0.2336,0.1831
18020,"Columbus, IN",1,1,1,1,5,5,16,11,180.0294,0.2653,0.1211,0.9573,0.5076,24.6885,0,0,0,3.85,1043.5298,0,0,2,0,0,0.0311,0.0642,0.1546,0.031,139400,3938.3655,7.05,29.1,14.4,0.0735,0.4324,0,0.0024,0.1622,0.2203
18140,"Columbus, OH",6,5,7,7,4,4,4,4,369.6858,0.2564,0.1013,0.9263,0.5339,48.324,130,0.0558,1,0.76,229.7033,0.0058,1.8516,18,0,0,0.0693,0.0655,0.1407,0.0297,166600,4631.1091,7.811,29.59,11.6,0.1002,0.4584,0,6e-4,0.146,0.2757
18580,"Corpus Christi, TX",1,1,1,1,1,1,1,1,222.3675,0.286,0.1153,0.9629,0.4734,44.0853,70,0,0,2.26,270.0131,0.0075,1.0017,1,0,0,0.0323,0.1192,0.0426,0.0345,121600,6302.5452,8.9433,26.7667,25.0333,0.1826,0.4656,0,5e-4,0.2609,0.1773
18700,"Corvallis, OR",7,6,8,8,6,4,7,7,119.5844,0.2131,0.1027,0.9271,0.5179,86.0024,0,1.2354,0,2.59,402.0759,0,0,0,0,0,0.0357,0.0574,0.0944,0.0072,288700,3739.6687,4.87,22,23.9,0.1456,0.4869,0,0.0015,0.0688,0.4739
18880,"Crestview-Fort Walton Beach-Destin, FL",12,10,18,16,9,7,13,12,108.8411,0.2413,0.1283,0.9534,0.5334,20.9025,0,0,0,0.48,56.6751,0,1.6655,0,2,0.0915,0.1058,0.2309,0.0088,0.0083,199500,2303.8336,8.08,24.85,23.25,0.099,0.4472,0,0,0.1444,0.226
19060,"Cumberland, MD-WV",5,2,6,6,5,5,6,6,133.7809,0.2131,0.1717,0.968,0.4814,53.6348,0,0,0,0.86,58.3208,0,0,3,7,0.4717,-0.0082,0.1103,0.5286,0.0338,122400,2493.773,8.99,30.35,15.65,0.1475,0.435,0,0.0026,0.2,0.1344
19100,"Dallas-Fort Worth-Arlington, TX",6,5,12,11,4,4,8,8,599.1478,0.2807,0.0795,0.9291,0.5236,34.2043,100,0,0,1.05,893.2373,0.0043,5.3714,5,0,0,0.11,0.0594,0.0572,0.0099,174500,4746.022,7.1354,27.4385,23.4923,0.1076,0.4706,0,5e-4,0.2002,0.2846
19140,"Dalton, GA",1,1,1,1,7,1,10,9,209.929,0.2752,0.0958,0.9665,0.4967,13.9695,0,0,0,3.53,43.9088,0.0031,0,2,0,0,0.1154,0.0526,0.0612,0.0207,116300,4152.0708,7.19,30.35,20.6,0.1183,0.4568,0,0,0.376,0.1113
19180,"Danville, IL",5,2,10,6,5,5,6,6,91.8822,0.2499,0.16,0.9674,0.4572,50.586,0,0,0,1.99,355.7354,0.0044,0,0,4,0.2242,-0.0142,0.081,0.3417,0.0482,75900,4141.2823,9.01,28.1,10.3,0.1328,0.4384,0,0.0011,0.2126,0.1245
19340,"Davenport-Moline-Rock Island, IA-IL",4,4,11,10,5,5,16,11,161.3809,0.2518,0.139,0.9537,0.5425,35.2555,90,0,0,1.52,474.3005,0.0026,1.1559,4,3,0.0347,-0.0084,0.0555,0.2842,0.0339,129500,2280.1146,6.83,26.525,13.25,0.1013,0.4413,0.03,0,0.1551,0.1991
19380,"Dayton, OH",2,2,2,2,2,2,2,2,624.3293,0.2469,0.1331,0.9478,0.5026,55.1857,120,0,0,1.35,755.6372,0.007,1.5161,9,5,0.4596,-0.0013,0.0698,0.3407,0.0305,125800,4054.9675,7.6767,29.1667,11.6,0.1023,0.458,0,0.007,0.1584,0.2347
19460,"Decatur, AL",1,1,1,1,1,1,1,1,112.7424,0.2542,0.1227,0.9654,0.483,9.7397,10,0,0,3.02,41.4052,0.0038,0,6,0,0,0.0174,0.0843,0.0592,0.0258,121000,3669.8361,8.99,33.55,17.15,0.13,0.4519,0.1447,8e-4,0.2621,0.1581
19500,"Decatur, IL",5,2,10,6,5,5,6,6,189.8029,0.2456,0.1524,0.9582,0.4756,43.7303,80,0,0,2.54,1428.1981,0.0085,0.1052,0,3,0.1897,-0.0316,0.0732,0.2191,0.0409,95900,3404.6614,9.43,28.7,10.9,0.1289,0.471,0,0,0.1683,0.1692
19660,"Deltona-Daytona Beach-Ormond Beach, FL",3,3,4,4,9,7,15,12,317.2062,0.2003,0.2273,0.9661,0.4876,31.9076,10,0,0,0.53,37.9528,0.0017,0.5282,0,0,0,0.1422,0.1285,0.003,0.0126,156900,3088.0251,7.81,23.6,22.7,0.1132,0.4557,0,6e-4,0.1755,0.1803
19740,"Denver-Aurora-Lakewood, CO",6,5,12,11,4,4,8,8,277.8853,0.2584,0.0899,0.9192,0.5634,66.6042,120,0.0429,1,0.48,1987.8047,0.003,8.9165,14,0,0,0.0811,0.0437,0.245,0.0176,317100,4448.2282,9.666,18.33,16.44,0.0801,0.4561,0.0019,0.0014,0.1348,0.3415
19780,"Des Moines-West Des Moines, IA",3,3,4,4,4,4,4,4,179.3836,0.2602,0.1154,0.9391,0.568,37.0454,120,0,1,0.48,741.3988,0.0045,1.7679,6,5,0.0266,0.0835,0.0503,0.306,0.016,169400,4132.0761,6.666,28.04,11.16,0.0747,0.4456,0.0547,7e-4,0.1152,0.2794
19820,"Detroit-Warren-Dearborn, MI",2,2,2,2,2,2,2,2,1103.7049,0.2654,0.1197,0.943,0.4985,37.674,140,0.0226,0,1.37,1101.7158,0.012,3.9675,12,6,0.6141,-0.0048,0.0558,0.2986,0.0306,149900,3421.4931,7.505,29.0333,11.05,0.1057,0.4752,0,0.0032,0.1765,0.2323
20020,"Dothan, AL",1,1,1,1,1,1,1,1,78.9671,0.2529,0.1454,0.9668,0.4771,10.5583,20,0,0,0.84,749.6466,0.0017,0,0,0,0,0.0442,0.1153,0.0419,0.0325,117000,3899.2118,9.0067,32.8667,17.3333,0.1642,0.4718,0.0983,6e-4,0.2691,0.1592
20100,"Dover, DE",4,4,5,5,2,2,5,5,242.0009,0.2726,0.1168,0.9574,0.4981,42.6694,0,0,1,0.7,9.077,0,0,20,0,0,0.1412,0.0645,0.0693,0.0299,205800,2961.5797,9.24,31.2,13.5,0.1066,0.43,0,0.0084,0.2058,0.1864
20220,"Dubuque, IA",4,4,11,10,5,5,16,11,147.4726,0.2555,0.147,0.9551,0.5596,66.1694,50,0,0,2.12,523.8036,0.0065,0.4492,1,3,0.0759,0.0182,0.0511,0.3732,0.0157,157200,2298.1414,5.77,27.3,8.9,0.0776,0.4366,0,0.0016,0.1477,0.2133
20260,"Duluth, MN-WI",5,2,6,6,5,5,12,11,30.9663,0.2289,0.1574,0.9558,0.5098,74.6654,110,0,0,0.62,222.5106,0.0011,0.5675,5,5,0.1929,0.0043,0.1339,0.4835,0.0519,148500,3198.2565,5.78,26.5,10.0333,0.1141,0.4398,0,2e-4,0.1332,0.205
20500,"Durham-Chapel Hill, NC",7,6,8,8,4,4,4,4,252.9429,0.2223,0.103,0.9098,0.5335,77.8478,80,0.4364,0,3.13,2418.6648,6e-4,0,31,0,0,0.0745,0.071,0.067,0.0223,212400,4495.8727,8.7825,26.625,19.95,0.1302,0.4929,0,0,0.1723,0.3875
20740,"Eau Claire, WI",4,4,11,10,4,4,9,4,91.9915,0.2455,0.131,0.9488,0.5581,56.0444,30,0,0,1.25,52.6833,0.0018,0.166,0,0,0,0.0436,0.0517,0.2217,0.0204,155600,2266.0181,6.035,27,10.55,0.0987,0.4227,0,0.0018,0.1293,0.2212
20940,"El Centro, CA",8,7,13,12,7,1,10,9,34.8195,0.3143,0.1005,0.98,0.3881,54.733,0,0,0,0.41,6.679,9e-4,0.0383,0,0,0,0.0966,0.1027,0.044,0.0278,167700,3990.0585,5.63,25.4,21.7,0.2258,0.4719,0,2e-4,0.4096,0.1033
21060,"Elizabethtown-Fort Knox, KY",3,3,9,9,1,1,1,1,115.1451,0.2775,0.0989,0.9625,0.4657,19.0063,0,0,0,1.52,16.9998,8e-4,0,4,0,0,0.0469,0.0852,0.0555,0.0141,142800,1463.1502,7.42,30.8333,18.3,0.1085,0.4234,0,0.0016,0.1975,0.141
21140,"Elkhart-Goshen, IN",1,1,1,1,5,5,16,11,411.4535,0.2888,0.1085,0.9583,0.5301,25.8251,10,0,0,4.37,157.1242,0.0064,0,1,1,0.0178,0.0517,0.0521,0.2715,0.0271,130800,3753.0821,6.79,28.6,17.4,0.0784,0.4164,0,0.0064,0.2426,0.1551
21300,"Elmira, NY",5,2,6,6,5,5,6,6,216.6672,0.2439,0.1562,0.9601,0.4568,66.9395,0,0,0,1.62,261.5625,0.0049,0.9782,2,6,0.4127,-0.0243,0.0714,0.615,0.0305,105500,2932.7031,8.33,27,11.2,0.1296,0.45,0,0.0049,0.1794,0.1858
21340,"El Paso, TX",8,7,13,12,7,1,10,9,130.8232,0.32,0.0972,0.9695,0.3983,50.9513,90,0,0,1,72.4635,0.0018,2.2395,2,0,0,0.0711,0.0655,0.0605,0.0384,116300,3086.8982,8.53,25.05,36.85,0.2387,0.4624,0,0,0.3432,0.1657
21500,"Erie, PA",2,2,2,2,5,5,6,6,342.8867,0.2504,0.1433,0.9532,0.5072,67.0054,110,0,0,1.94,161.6038,0.0049,0.6782,1,5,0.2648,-0.0129,0.0684,0.4436,0.0368,124100,2055.1133,7.9,29.8,10.2,0.1199,0.4582,0,0.0037,0.1535,0.2087
21660,"Eugene, OR",3,3,4,4,4,4,9,4,72.8064,0.2286,0.133,0.9436,0.5169,88.7856,50,0,0,1.36,399.0287,0.0015,1.0695,2,0,0,0.0399,0.0611,0.0759,0.0158,232800,5502.1722,6.03,26.1,20.8,0.1437,0.4691,0,0,0.1247,0.2551
21780,"Evansville, IN-KY",5,2,10,6,5,5,6,6,200.9652,0.2441,0.1393,0.9573,0.5236,34.7271,120,0,0,2.65,230.3637,0.0086,0.8042,3,5,0.1704,0.0258,0.0709,0.2572,0.0314,131400,3345.7959,8.4125,29.025,12.75,0.0993,0.4627,0,7e-4,0.1694,0.1849
21820,"Fairbanks, AK",3,3,9,9,4,4,8,8,12.2434,0.3008,0.0464,0.9355,0.5003,57.1382,0,0,0,0.51,138.7347,1e-4,4.651,2,0,0,0.0916,0.1056,0.0268,0.0179,230600,1997.1028,5.58,26.1,18,0.0778,0.3977,0,4e-4,0.0817,0.2703
22020,"Fargo, ND-MN",3,3,4,4,6,4,7,7,67.2954,0.239,0.1061,0.9231,0.5974,60.0482,40,0,0,0.83,227.8366,0.0036,1.5071,0,0,0,0.0857,0.0483,0.128,0.0262,190300,2214.4393,6.94,26.25,9.8,0.1096,0.4522,0,0,0.1029,0.294
22140,"Farmington, NM",8,7,13,12,7,1,10,9,22.5419,0.3263,0.0907,0.9726,0.4364,18.2957,0,0,0,0.34,8.5791,2e-4,0.2342,0,0,0,0.0967,0.1275,0.0288,0.0155,143300,2674.4866,7.02,26.4,25.5,0.2152,0.4535,0,2e-4,0.2321,0.1353
22180,"Fayetteville, NC",3,3,9,9,1,1,1,1,327.0951,0.2811,0.0772,0.9446,0.4237,46.9905,40,0,0,0.58,97.1795,0.0019,0.4469,4,0,0,0.0205,0.0933,0.0341,0.017,132300,5720.9317,9.265,31.9,16.25,0.1329,0.4415,0,0.0019,0.1618,0.1828
22220,"Fayetteville-Springdale-Rogers, AR-MO",6,5,7,7,4,4,4,4,127.0011,0.2605,0.1212,0.9508,0.5413,37.0667,10,0,0,1.09,2683.3665,0.0019,1.3752,10,0,0,0.1756,0.0865,0.0664,0.0148,158800,2987.5952,7.1475,27.275,24.1,0.1313,0.4718,0,0,0.212,0.2089
22380,"Flagstaff, AZ",3,3,4,4,9,7,13,12,6.8076,0.2874,0.07,0.9369,0.5344,76.9741,10,0,0,0.55,48.9193,1e-4,3.5639,4,0,0,0.092,0.2432,0.0336,0.0077,241400,4758.9057,8.01,21.5,18.3,0.1823,0.4803,0,0,0.1622,0.2995
22420,"Flint, MI",5,2,10,6,10,8,14,13,682.4214,0.2742,0.116,0.9532,0.4806,25.9025,90,0,0,1.68,6030.4407,0.0062,1.2508,1,5,0.4799,0.0146,0.0752,0.2295,0.0252,96500,4096.4231,9.73,33.6,12.2,0.131,0.4643,0,0.0031,0.1686,0.1623
22500,"Florence, SC",1,1,1,1,1,1,1,1,145.2874,0.2605,0.119,0.9616,0.4639,17.2165,0,0,0,1.74,25.7704,0.0022,0.2718,6,0,0,0.0311,0.097,0.0648,0.0274,112600,5792.1242,12.24,31.1,15.05,0.1776,0.478,0,0,0.2821,0.1688
22520,"Florence-Muscle Shoals, AL",1,1,1,1,1,1,1,1,106.9821,0.2333,0.152,0.9669,0.4664,9.9892,0,0,0,1.35,64.5038,7e-4,0.0428,8,0,0,0.0054,0.1048,0.0804,0.0347,120400,2688.6172,10.715,32.9,16.2,0.1425,0.4526,0,0,0.2481,0.1678
22540,"Fond du Lac, WI",4,4,11,10,5,5,16,11,129.9056,0.2517,0.1433,0.9536,0.5626,45.7725,0,0,0,2.1,205.2445,0.0026,0,0,0,0,0.0206,0.0596,0.2887,0.0263,149400,1820.8002,6.24,28.4,9.5,0.0584,0.4118,0,0.0013,0.1578,0.1686
22660,"Fort Collins, CO",7,6,8,8,6,4,7,7,104.5877,0.2376,0.0956,0.9282,0.6032,47.6448,30,0.3635,0,1.32,236.6216,4e-4,0.126,3,0,0,0.0939,0.0781,0.0664,0.0106,306600,2976.9261,7.74,16.5,18.5,0.0923,0.4503,0,0,0.0768,0.3953
22900,"Fort Smith, AR-OK",1,1,1,1,1,1,1,1,76.7982,0.2672,0.1283,0.9689,0.4742,17.4627,50,0,0,1.9,54.8163,0.0014,0.377,3,0,0,0.0443,0.0936,0.0924,0.0191,107000,3675.1803,7.4,29.3,20.5,0.1571,0.4652,0,0,0.2661,0.1333
23060,"Fort Wayne, IN",4,4,11,10,4,4,4,4,295.1209,0.276,0.117,0.9458,0.5244,20.0321,100,0,0,1.84,769.9217,0.0059,0.763,2,0,0,0.0335,0.0712,0.2013,0.0217,120500,3320.8511,7.85,29.2667,13.1,0.0857,0.4409,0.0328,0.0015,0.1416,0.2133
23420,"Fresno, CA",8,7,13,12,7,1,10,9,145.1911,0.3208,0.0991,0.9628,0.4667,45.4545,80,0,0,0.67,81.4763,0.002,0.6579,2,0,0,0.0914,0.0658,0.0647,0.022,220600,4801.3112,6.86,26.4,17.5,0.2289,0.4801,0,0.001,0.3248,0.1755
23460,"Gadsden, AL",5,2,10,6,5,5,6,6,187.9795,0.2383,0.1601,0.971,0.4532,9.1305,60,0,0,1.59,1.0914,0.0018,0,0,5,0.3655,-0.0028,0.0945,0.1693,0.0437,105100,4635.8579,8.98,32.5,15.6,0.157,0.4441,0,0,0.2594,0.1342
23540,"Gainesville, FL",7,6,8,8,6,4,7,7,188.2609,0.2043,0.0985,0.914,0.5251,76.3105,40,0.4007,0,0.35,580.2848,8e-4,0.6854,0,0,0,0.0739,0.084,0.0523,0.0268,162000,3985.4622,8.69,27.45,25.95,0.2225,0.5122,0.0259,8e-4,0.13,0.3674
23580,"Gainesville, GA",1,1,1,1,7,1,10,9,374.8989,0.2694,0.0938,0.9611,0.5144,15.314,0,0,0,2.33,18.3978,0,0,0,0,0,0.1558,0.0718,0.0586,0.0192,171900,3696.1343,6.31,24.4,26.4,0.1241,0.4523,0,0,0.2949,0.1873
24020,"Glens Falls, NY",5,2,6,6,5,5,12,11,71.9624,0.243,0.1459,0.9606,0.5296,40.8669,0,0,0,1.22,492.184,0,0,4,6,0.2504,0.0268,0.2184,0.5617,0.0109,166800,1789.7144,6.805,25.55,15.3,0.0959,0.4292,0,0,0.1802,0.189
24140,"Goldsboro, NC",1,1,1,1,1,1,1,1,209.8011,0.2616,0.1157,0.9587,0.437,25.8492,0,0,0,2.27,256.2972,0,0,1,2,0.1049,0.0325,0.0994,0.0878,0.0457,117000,4259.5014,9.27,30.8,15,0.1384,0.4596,0,0,0.2281,0.1499
24220,"Grand Forks, ND-MN",3,3,4,4,4,4,9,4,28.529,0.2448,0.1214,0.9399,0.5624,66.8705,0,0,0,0.77,43.183,0.0012,0.9007,1,0,0,0.0031,0.0937,0.1425,0.0237,170200,3354.5721,6.225,28.3,11.15,0.1188,0.467,0,0,0.1337,0.2424
24300,"Grand Junction, CO",3,3,4,4,4,4,9,4,38.9993,0.25,0.1518,0.9648,0.5439,38.474,0,0,0,0.43,25.8206,6e-4,1.2045,0,0,0,0.1199,0.0538,0.1219,0.0258,207900,4080.0651,7.48,19.9,16.7,0.1023,0.4473,0,0,0.15,0.2195
24340,"Grand Rapids-Wyoming, MI",4,4,11,10,4,4,4,4,354.0107,0.2822,0.1051,0.945,0.5339,39.0207,120,0,0,1.75,1522.1553,0.0066,1.0734,1,1,0.0493,0.043,0.0637,0.365,0.0192,154700,2472.8215,6.9975,28.875,11.55,0.0793,0.4431,0.0131,0.004,0.1499,0.2409
24500,"Great Falls, MT",1,1,1,1,4,4,9,4,29.601,0.2602,0.14,0.9591,0.4866,52.7246,50,0,0,0.23,213.4229,0.0015,1.9597,0,4,0.0264,-0.0039,0.076,0.2,0.0381,168100,4435.2269,7.18,24.4,16.8,0.1352,0.472,0,4e-4,0.1289,0.2148
24540,"Greeley, CO",3,3,9,9,4,4,9,4,55.5479,0.2821,0.0898,0.9595,0.4984,33.0824,30,0,0,1.24,271.0815,5e-4,0,1,0,0,0.2318,0.0445,0.0966,0.0191,245000,4411.3622,7.64,23,21.6,0.1252,0.421,0,0,0.2036,0.2165
24580,"Green Bay, WI",4,4,11,10,4,4,9,4,156.7489,0.2601,0.1156,0.9376,0.565,45.0571,60,0,0,1.57,288.2257,0.0048,1.4128,2,0,0,0.0503,0.079,0.172,0.0135,161900,2340.9704,5.7867,28.2333,11.3,0.0685,0.4275,0.0139,0.0016,0.1462,0.2007
24660,"Greensboro-High Point, NC",6,5,7,7,4,4,4,4,335.1943,0.2392,0.1226,0.9415,0.5331,34.3767,80,0,0,2,1785.3703,0.0045,1.9348,17,0,0,0.0523,0.068,0.071,0.0252,143800,4629.2905,8.9567,29.2667,16.7667,0.1061,0.4719,0,0,0.2179,0.2345
24780,"Greenville, NC",6,5,7,7,6,4,7,7,225.683,0.2358,0.0959,0.9215,0.4968,34.3413,10,0,0,1.62,244.462,0,0.3298,3,0,0,0.1056,0.1005,0.0412,0.0332,138700,4894.2398,10.94,32.2,17.9,0.2034,0.5015,0,0,0.2006,0.264
24860,"Greenville-Anderson-Mauldin, SC",1,1,1,1,1,1,1,1,273.6294,0.2431,0.1226,0.9506,0.5035,31.0531,60,0,0,1.46,261.5657,0.0032,0,11,5,0.1175,0.0515,0.0943,0.1347,0.0207,148700,3143.7079,8.87,28.075,18.175,0.1171,0.4637,0,0.0014,0.2392,0.2141
25060,"Gulfport-Biloxi-Pascagoula, MS",3,3,9,9,1,1,1,1,197.5289,0.2652,0.1114,0.9575,0.4885,50.0233,10,0,0,0.68,30.3978,0.0027,1.093,1,1,0.0469,-0.0101,0.1068,0.0557,0.0259,135300,3249.2007,9.4333,31.0333,20.5667,0.139,0.44,0,0,0.1978,0.1755
25180,"Hagerstown-Martinsburg, MD-WV",4,4,11,10,3,3,3,3,297.0866,0.2427,0.1307,0.9576,0.4755,34.8446,0,0,0,1.06,100.1058,0.0038,0.0216,33,0,0,0.1269,0.0767,0.3982,0.0328,186000,2380.8914,7.605,30.8,17.5,0.1026,0.4219,0,0.0013,0.2229,0.148
25260,"Hanford-Corcoran, CA",8,7,13,12,7,1,10,9,104.3255,0.2899,0.0738,0.9695,0.3709,48.3883,0,0,0,1.39,0.3159,0.0022,0,0,0,0,0.1212,0.0587,0.0643,0.0158,185600,2739.2919,6.27,26.2,19.6,0.1951,0.4391,0,0,0.3117,0.1037
25420,"Harrisburg-Carlisle, PA",2,2,2,2,2,2,2,2,316.3137,0.2342,0.1433,0.9451,0.5285,61.423,110,0,1,0.62,258.8035,0.009,1.2315,10,6,0.4469,0.0328,0.0675,0.3945,0.0251,175600,2298.3215,8.0533,28.6,12.2,0.0822,0.4329,0,0.0012,0.1578,0.2432
25500,"Harrisonburg, VA",1,1,1,1,1,1,1,1,133.8991,0.2118,0.122,0.9554,0.5248,69.0803,0,0,0,2.43,93.8175,0.0011,0,7,0,0,0.0777,0.0617,0.0859,0.0131,203100,1515.4114,6.93,26.1,21.05,0.155,0.4375,0,0,0.264,0.2142
25540,"Hartford-West Hartford-East Hartford, CT",2,2,2,2,3,3,3,3,765.8973,0.2423,0.1398,0.9456,0.5118,68.9735,120,0.0842,1,1.03,588.7391,0.0026,3.0452,35,6,0.2966,0.0342,0.0551,0.3233,0.0354,244300,2688.6287,7.31,21.4333,11.3333,0.0826,0.4618,0,0.0032,0.1599,0.3055
25620,"Hattiesburg, MS",1,1,3,3,1,1,1,1,79.5553,0.2602,0.1081,0.9473,0.489,32.742,0,0,0,0.8,309.1915,0.0012,0,0,0,0,0.0423,0.0883,0.0849,0.0222,137100,3327.3925,9.9633,33.3667,24.2,0.194,0.4816,0,6e-4,0.2023,0.2261
25860,"Hickory-Lenoir-Morganton, NC",1,1,1,1,1,1,1,1,212.2963,0.2403,0.1277,0.9589,0.4976,8.7442,0,0,0,2.89,316.4964,6e-4,0.0326,8,0,0,0.036,0.0753,0.0862,0.0136,126000,3670.3853,8.4375,28,16.725,0.098,0.4559,0,0,0.2966,0.1362
25980,"Hinesville, GA",3,3,9,9,1,1,1,1,80.7548,0.3213,0.0421,0.9452,0.3752,46.81,0,0,0,0.53,14.8168,0,0,1,0,0,0.0623,0.1241,0.0062,0.0269,120100,3751.5544,8.55,30,29.5,0.1565,0.4063,0,0,0.1513,0.1319
26300,"Hot Springs, AR",1,1,1,1,9,7,15,12,125.3317,0.213,0.2118,0.9682,0.4554,22.0637,0,0,0,0.74,63.6802,0,0.0365,0,3,0.0164,0.0457,0.1588,0.1302,0.0212,131500,7720.205,8.67,26.6,22.2,0.1458,0.4887,0,0,0.2171,0.1797
26380,"Houma-Thibodaux, LA",1,1,3,3,1,1,1,1,73.1116,0.2832,0.1045,0.9677,0.4828,23.9255,0,0,0,0.96,164.1772,0,0,2,0,0,0.0265,0.0923,0.0927,0.0151,144000,3660.3632,10.39,29.7,20.1,0.1791,0.4555,0,0,0.3329,0.123
26420,"Houston-The Woodlands-Sugar Land, TX",6,5,12,11,4,4,8,8,607.9154,0.2903,0.0775,0.9392,0.4954,46.4787,100,0.0191,0,1.4,1372.5658,0.0057,4.3931,2,0,0,0.1153,0.0783,0.0519,0.0112,166500,4246.4598,7.6456,27.4889,24.5556,0.1366,0.487,0,0.0023,0.2365,0.2646
26580,"Huntington-Ashland, WV-KY-OH",5,2,10,6,5,5,6,6,141.2891,0.2272,0.146,0.9669,0.4554,38.8197,90,0,0,1.42,132.5273,0.0027,0.139,5,6,0.431,-0.0013,0.0926,0.341,0.0251,112000,2376.0308,9.9586,32.8,15.3,0.1729,0.478,0,0.0016,0.2318,0.1501
26620,"Huntsville, AL",6,5,7,7,4,4,4,4,262.4965,0.2545,0.1089,0.9477,0.5201,14.6367,50,0,0,1.53,131.5583,0.0042,1.6618,6,0,0,0.0888,0.0852,0.0343,0.025,168000,4852.7672,9.465,29.3,16.25,0.1089,0.4665,0,7e-4,0.167,0.309
26820,"Idaho Falls, ID",3,3,9,9,4,4,9,4,22.1993,0.3283,0.1014,0.9713,0.5264,52.2727,10,0,0,0.56,153.8397,0,1.1622,3,0,0,0.1112,0.0609,0.1137,0.0101,160900,2504.1305,7.5833,26.3667,18.6333,0.104,0.4381,0,2e-4,0.1295,0.2387
26900,"Indianapolis-Carmel-Anderson, IN",6,5,7,7,10,8,14,13,408.8669,0.2652,0.1099,0.9378,0.5309,33.4881,130,0,1,1.75,5915.6189,0.006,2.3808,11,0,0,0.069,0.0768,0.1658,0.0239,148500,3904.546,7.3582,28.3818,13.8273,0.0856,0.4669,0.0154,0.0016,0.1609,0.2549
26980,"Iowa City, IA",7,6,8,8,6,4,7,7,118.8061,0.2104,0.0908,0.9005,0.6076,98.6659,30,0.706,0,1.03,290.9955,0,0,2,0,0,0.0757,0.0412,0.1447,0.0139,198500,2038.8281,6.155,25.2,12.7,0.1377,0.476,0,0,0.0836,0.4195
27060,"Ithaca, NY",7,6,8,8,6,4,7,7,202.6302,0.1896,0.0959,0.8971,0.5491,99.423,0,1.0057,0,0.73,2272.7487,0,0.8041,1,0,0,0.0304,0.0571,0.4859,0.0312,190100,2709.3621,6.71,25.3,27.3,0.1763,0.49370000000000003,0,0,0.0864,0.4746
27100,"Jackson, MI",5,2,6,6,5,5,6,6,225.725,0.2563,0.1286,0.9604,0.4803,29.1412,80,0,0,1.73,137.2479,0.0028,0,2,8,0.3924,0.0292,0.0753,0.5107,0.028,120100,2944.5497,7.97,30.3,12.2,0.0904,0.4451,0,0,0.1578,0.1626
27140,"Jackson, MS",1,1,3,3,1,1,1,1,115.2287,0.2756,0.1075,0.9504,0.4995,16.0149,70,0,1,0.76,677.1063,0.0019,1.3244,9,3,0.1448,0.0381,0.0815,0.0416,0.0299,139600,3745.3973,12.4933,32.5333,19.3667,0.1779,0.4797,0,4e-4,0.2094,0.2542
27180,"Jackson, TN",1,1,1,1,1,1,1,1,113.669,0.2554,0.1288,0.9599,0.478,24.1182,10,0,0,2.02,0.6755,9e-4,0.0214,1,0,0,0.0351,0.0728,0.1028,0.0303,120300,4950.3931,9.1567,30.4333,15.9667,0.1436,0.4676,0.0283,0.0018,0.243,0.1869
27260,"Jacksonville, FL",6,5,7,7,4,4,4,4,364.2715,0.2613,0.1108,0.9464,0.5088,32.6238,100,0,0,0.5,720.1596,0.0064,2.314,4,0,0,0.1125,0.0893,0.054,0.0239,174000,4526.7206,8.058,26.1,18.22,0.1074,0.4676,0.0154,0.0017,0.1659,0.2259
27340,"Jacksonville, NC",3,3,9,9,1,1,1,1,196.0325,0.2616,0.0632,0.9556,0.3562,55.4413,10,0,0,0.32,26.5435,0.0012,0.5873,0,0,0,0.0456,0.1365,0.0135,0.0106,154400,1819.2806,7.99,29.8,17.3,0.1291,0.4065,0,0.0025,0.1568,0.1477
27500,"Janesville-Beloit, WI",4,4,11,10,5,5,16,11,216.2562,0.265,0.1273,0.9549,0.5307,35.8383,30,0,0,2.15,616.4253,0,0,0,0,0,0.0292,0.0574,0.2157,0.0193,135000,3653.9701,7.4,27.5,8.5,0.0732,0.4174,0,0.0041,0.1608,0.1668
27620,"Jefferson City, MO",3,3,4,4,4,4,9,4,63.4427,0.2495,0.1181,0.9531,0.5387,21.2329,0,0,1,0.74,282.4866,0.0013,0,3,0,0,0.0314,0.0897,0.1489,0.0194,143900,2638.2831,7.0825,29.725,14.4,0.0874,0.4151,0.0411,0,0.1825,0.2122
27740,"Johnson City, TN",1,1,1,1,1,1,1,1,219.0603,0.2124,0.1466,0.953,0.5002,19.5245,10,0,0,1.33,68.0955,0.0035,0,1,0,0,0.0417,0.082,0.1133,0.0322,137100,3759.3429,8.6067,30.4,13.1,0.1477,0.4863,0,0,0.2632,0.1845
27780,"Johnstown, PA",5,2,6,6,5,5,6,6,212.1986,0.2102,0.1972,0.9698,0.4567,51.502,100,0,0,0.72,32.5813,0.0014,0.0862,0,9,0.6884,-0.0368,0.08,0.5728,0.0435,88900,2265.6914,8.8,31.3,11,0.1249,0.4388,0,0,0.1995,0.137
27860,"Jonesboro, AR",1,1,1,1,1,1,1,1,76.2561,0.2458,0.1236,0.9593,0.5025,17.7146,10,0,0,1.41,22.1611,0.0027,0.0274,1,0,0,0.0446,0.0835,0.0467,0.0401,120200,4925.8239,8.63,31.35,18.15,0.168,0.4744,0,0,0.2648,0.1733
27900,"Joplin, MO",1,1,1,1,5,5,16,11,131.0915,0.2592,0.1387,0.9645,0.4954,19.4204,0,0,0,2.1,183.5029,8e-4,0.0605,1,0,0,0.0562,0.0877,0.2121,0.0217,114500,4826.6731,6.75,30.35,15.25,0.1352,0.4457,0,0.0032,0.204,0.1637
28020,"Kalamazoo-Portage, MI",4,4,11,10,4,4,4,4,266.5485,0.2503,0.116,0.9392,0.5416,48.0688,80,0,0,1.78,1326.182,0.0042,0.7367,1,4,0.132,0.0172,0.0883,0.2889,0.0302,141100,3636.9541,7.56,28.2,13.35,0.1181,0.4623,0,0.005,0.1372,0.2691
28100,"Kankakee, IL",4,4,11,10,5,5,16,11,158.6187,0.2707,0.1308,0.9613,0.4881,62.2807,0,0,0,1.51,2.6139,0.0044,0,0,3,0.0707,0.0393,0.0598,0.2903,0.0325,140100,1194.4365,8.2,28.7,11.5,0.1144,0.4264,0,0.0015,0.202,0.1496
28140,"Kansas City, MO-KS",6,5,7,7,4,4,4,4,259.1656,0.2658,0.1152,0.9408,0.5308,31.6269,130,0,0,0.79,2119.551,0.01,2.6516,17,4,0.0933,0.0542,0.0647,0.2258,0.0295,166800,4746.0287,7.2086,29.5286,13.7571,0.0856,0.4569,0,8e-4,0.1343,0.2816
28420,"Kennewick-Richland, WA",3,3,9,9,4,4,9,4,72.604,0.3098,0.0983,0.9636,0.5217,47.7602,10,0,0,0.59,4.1152,0.004,1.099,0,0,0,0.1421,0.0603,0.0187,0.0182,192800,3712.6973,6.185,27.1,16.1,0.1256,0.4261,0,0.0017,0.1992,0.2332
28660,"Killeen-Temple, TX",3,3,9,9,1,1,1,1,124.9678,0.2821,0.0838,0.9477,0.4178,45.4674,20,0,0,0.72,133.943,0,0.5395,1,0,0,0.0811,0.0831,0.0071,0.0154,132300,3633.2311,7.5333,26.9,25.7333,0.117,0.4274,0,3e-4,0.1647,0.1796
28700,"Kingsport-Bristol-Bristol, TN-VA",1,1,1,1,1,1,1,1,147.7966,0.2173,0.1574,0.9682,0.4637,12.508,0,0,0,1.81,302.4492,0.0029,0.8093,7,0,0,0.0135,0.0899,0.1043,0.0276,124000,3525.3984,8.184,28.56,13.08,0.1359,0.4633,0,0,0.2689,0.1551
28740,"Kingston, NY",5,2,6,6,3,3,3,3,157.4247,0.235,0.1334,0.9531,0.5033,75.1894,0,0,0,0.61,39.7817,0,0,41,5,0.1834,0.0264,0.1308,0.4966,0.0144,221600,1985.8801,7.23,26.7,16.8,0.1142,0.4553,0,0.0026,0.1832,0.2497
28940,"Knoxville, TN",1,1,1,1,1,1,1,1,216.6664,0.2258,0.1372,0.9514,0.5034,18.1253,90,0.1265,0,1.24,428.3786,0.0025,1.1433,5,0,0,0.0567,0.0891,0.1288,0.0366,158700,3168.8355,8.6889,29.3333,14,0.1317,0.4786,0,3e-4,0.2237,0.2201
29020,"Kokomo, IN",1,1,1,1,5,5,16,11,287.4342,0.256,0.1334,0.9557,0.4642,27.2898,0,0,0,4.62,16.797,0.0034,0,1,3,0.0489,-0.0068,0.0746,0.2785,0.037,101300,5080.4674,7.93,28.3,11,0.0949,0.4411,0,0.0034,0.1668,0.1808
29100,"La Crosse-Onalaska, WI-MN",4,4,11,10,5,5,16,11,123.7549,0.2414,0.1309,0.9418,0.5597,66.7776,40,0,0,1.15,424.5079,0.0057,0.9423,1,1,0.0096,0.0214,0.0468,0.2995,0.0284,161800,2317.2699,6.56,26.45,10.15,0.0999,0.4404,0,0.001,0.1103,0.2457
29180,"Lafayette, LA",1,1,3,3,1,1,1,1,119.1059,0.2849,0.108,0.9565,0.4773,32.7695,40,0,0,0.59,203.8895,0.0019,0.4043,2,0,0,0.0268,0.093,0.0436,0.0299,143400,2406.9716,10.212,29.36,21.4,0.1978,0.4794,0.0632,8e-4,0.2822,0.1699
29200,"Lafayette-West Lafayette, IN",7,6,8,8,1,1,1,1,146.548,0.2191,0.0998,0.9304,0.5026,86.5969,10,0.5318,0,2.5,117.321,0.0039,0,1,0,0,0.0531,0.0612,0.2219,0.0241,138400,3042.181,6.3467,28.4333,19.3,0.138,0.4604,0,8e-4,0.1292,0.292
29340,"Lake Charles, LA",1,1,1,1,1,1,1,1,70.2943,0.2744,0.1179,0.9631,0.4963,20.1363,50,0,0,4.38,118.3761,0.0015,0.2412,0,4,0.077,-0.0062,0.1122,0.0861,0.0281,136700,4805.473,9.16,30.6,27.8,0.1527,0.4654,0.0245,7e-4,0.2342,0.164
29460,"Lakeland-Winter Haven, FL",12,10,18,16,9,7,15,12,271.8465,0.2443,0.1834,0.9678,0.4716,18.4029,20,0,0,0.82,565.3795,0.002,0,0,0,0,0.1311,0.1729,0.0754,0.0125,121100,3888.5732,8.16,30.1,24,0.1294,0.4391,0,0.001,0.2524,0.1492
29540,"Lancaster, PA",5,2,6,6,5,5,16,11,503.4377,0.2662,0.1404,0.9582,0.5409,61.9605,90,0,0,1.7,368.8002,0.0071,0.0123,11,6,0.0698,0.0511,0.0413,0.5402,0.0129,193200,2203.4597,6.15,27.4,13.6,0.0779,0.4229,0,0.002,0.2264,0.2051
29620,"Lansing-East Lansing, MI",4,4,11,10,1,1,1,1,270.3274,0.2471,0.1006,0.9344,0.5361,77.1577,90,0.2161,1,1.06,348.04880000000003,0.0035,0.6798,1,4,0.1302,0.0335,0.0517,0.2481,0.0296,138900,2938.7803,7.3067,29.2,13.6667,0.1104,0.4531,0,0.0023,0.1136,0.2838
29700,"Laredo, TX",8,7,13,12,7,1,10,9,66.1371,0.3618,0.0759,0.9781,0.3828,39.7411,60,0,0,0.16,240.1135,0.0021,0.4127,0,0,0,0.1584,0.0809,0.0509,0.0264,115500,5751.3757,7.18,28,39.9,0.3117,0.4912,0,0,0.4701,0.1393
29740,"Las Cruces, NM",8,7,13,12,7,1,10,9,49.551,0.2971,0.106,0.9621,0.4497,42.0267,20,0,0,0.63,5.3319,0,0,0,0,0,0.0831,0.0867,0.0417,0.0169,140700,3198.7484,7.55,22.7,29.8,0.2539,0.4924,0,3e-4,0.2995,0.2229
29820,"Las Vegas-Henderson-Paradise, NV",6,5,12,11,4,4,8,8,214.6057,0.2557,0.1068,0.9384,0.5026,58.9204,50,0,0,0.26,978.844,7e-4,12.53,4,0,0,0.2571,0.0849,0.0056,0.0133,212300,4570.5692,7.91,24.8,20.9,0.1076,0.4544,0,0,0.2055,0.1733
29940,"Lawrence, KS",7,6,8,8,6,4,7,7,222.862,0.2041,0.0794,0.906,0.5979,77.8802,30,0.9462,0,0.84,155.7453,0.0021,0,0,0,0,0.0572,0.0438,0.1121,0.02,188100,4076.4187,6.77,25.2,18.5,0.1585,0.4753,0,0,0.0764,0.4268
30020,"Lawton, OK",3,3,9,9,1,1,1,1,70.3697,0.2764,0.1019,0.9605,0.3999,64.6828,50,0,0,0.62,396.0673,6e-4,0.4196,1,0,0,-0.0011,0.1253,0.0598,0.0206,121900,4095.4929,8.465,29.85,22.7,0.1575,0.4473,0,0,0.1535,0.188
30140,"Lebanon, PA",4,4,11,10,5,5,16,11,348.5168,0.237,0.1637,0.9641,0.5556,51.5679,0,0,0,1.92,94.1976,0.0028,0,2,5,0.152,0.0488,0.0561,0.4946,0.0251,166600,2118.9093,7,28.9,12.2,0.0751,0.4041,0,0.0028,0.2139,0.1539
30300,"Lewiston, ID-WA",3,3,4,4,4,4,9,4,39.5045,0.2439,0.1644,0.9635,0.5064,50.1578,0,0,0,0.8,0,0.0033,1.1266,0,0,0,0.0176,0.0657,0.1638,0.0226,173500,3692.8398,6.655,28,11.2,0.1334,0.4178,0,0,0.1441,0.1858
30340,"Lewiston-Auburn, ME",4,4,11,10,5,5,16,11,216.404,0.2393,0.1442,0.9483,0.5313,52.1091,0,0,0,1.23,167.3324,0.0081,0,0,4,0.1242,0.0343,0.0856,0.4113,0.0407,152000,2684.6263,6.8,27.9,8.2,0.111,0.4245,0,0,0.2016,0.1437
30460,"Lexington-Fayette, KY",6,5,7,7,3,3,3,3,294.5411,0.2289,0.1029,0.9258,0.5243,57.1278,60,0.2289,0,1.45,141.0727,0.0074,1.2268,79,0,0,0.07,0.0651,0.0824,0.0342,170200,3496.2394,8.4417,29.8,16.7833,0.1185,0.4806,0,0,0.1684,0.2978
30620,"Lima, OH",5,2,10,6,5,5,6,6,262.8919,0.259,0.1417,0.966,0.4932,33.4405,60,0,0,2.46,105.3328,0.0098,0,1,4,0.2785,-0.0149,0.0813,0.3437,0.0327,110900,4430.054,9.24,31.1,12.5,0.121,0.4468,0,0,0.175,0.1343
30700,"Lincoln, NE",3,3,4,4,4,4,4,4,200.9617,0.2358,0.1071,0.92490000000000006,0.5789,53.2389,120,0.3503,1,0.98,954.1212,0.0035,0.7132,3,0,0,0.07,0.0492,0.1588,0.0146,162700,4797.0182,6.775,26.7,11.4,0.0938,0.4452,0,0,0.0969,0.3195
30780,"Little Rock-North Little Rock-Conway, AR",6,5,7,7,4,4,4,4,154.5132,0.2564,0.113,0.9466,0.5154,21.9193,90,0,1,0.63,709.6685,0.0021,1.95,4,0,0,0.0627,0.0795,0.0841,0.0284,146000,5711.9164,8.235,28.9667,19.5667,0.1205,0.4662,0.035,5e-4,0.17,0.2416
30860,"Logan, UT-ID",3,3,9,9,4,4,9,4,61.2584,0.3195,0.0765,0.9595,0.5635,74.6035,0,0,0,1.97,14.593,0,0,2,0,0,0.096,0.0574,0.15,0.004,199100,1873.3345,5.295,26.5,19.1,0.1279,0.4261,0.0642,0,0.0986,0.2959
30980,"Longview, TX",1,1,1,1,1,1,1,1,112.3162,0.2634,0.1402,0.9699,0.5023,15.1862,30,0,0,1.72,160.2255,0,0.1154,0,0,0,0.0465,0.0962,0.0375,0.0203,121100,4779.3285,8.32,28.7667,22.8333,0.1495,0.4557,0,6e-4,0.2269,0.1624
31020,"Longview, WA",1,1,1,1,4,4,9,4,82.965,0.2679,0.1331,0.9656,0.4452,24.1432,0,0,0,1.97,10.9235,0.0043,0,1,0,0,0.0386,0.0718,0.1667,0.0112,186600,6146.9296,5.9,34.7,11.8,0.1397,0.4364,0,0,0.1683,0.1328
31080,"Los Angeles-Long Beach-Anaheim, CA",11,8,16,15,11,9,17,14,2596.5805,0.2779,0.0976,0.9359,0.5003,76.4532,120,0.0314,0,0.81,1589.9562,0.0131,3.0181,12,0,0,0.0292,0.0404,0.1671,0.0146,537000,2814.3718,6.49,19.45,22.45,0.1616,0.497,0,0.0039,0.2784,0.2626
31140,"Louisville/Jefferson County, KY-IN",6,5,7,7,3,3,3,3,322.3442,0.2488,0.1247,0.9484,0.5033,45.6721,150,0,0,1.32,855.542,0.0071,1.5879,44,0,0,0.0459,0.0609,0.3287,0.0342,155700,3608.6989,7.9842,29.6917,16.3417,0.109,0.4632,0.0198,0.0016,0.1916,0.2139
31180,"Lubbock, TX",6,5,7,7,4,4,4,4,100.3031,0.2594,0.1123,0.9467,0.5289,37.3598,60,0,0,0.37,902.5618,0.0022,2.0409,0,0,0,0.0555,0.0853,0.031,0.0164,119900,5334.6298,9.5733,27.3,28.6333,0.1824,0.4826,0.0094,0,0.2253,0.2368
31340,"Lynchburg, VA",4,4,11,10,5,5,12,11,78.0631,0.2337,0.1448,0.9603,0.6958,47.0754,50,0,0,1.77,286.5671,9e-4,0.3934,28,0,0,-0.2673,0.0849,0.2126,0.0185,165700,2839.3352,7.705,28.4833,13.6833,0.1137,0.4464,0,0,0.2414,0.1873
31420,"Macon, GA",1,1,3,3,1,1,1,1,131.2102,0.2667,0.1199,0.9567,0.4827,28.8991,90,0,0,0.71,934.4272,0.004,0.0743,9,4,0.2538,0.0259,0.1033,0.1256,0.0532,118400,6360.9863,10.984,30.12,17.88,0.1706,0.5134,0.0249,0,0.239,0.1866
31460,"Madera, CA",8,7,13,12,7,1,10,9,65.2078,0.2962,0.1104,0.9822,0.441,23.691,0,0,0,0.69,2.0051,0,0,0,0,0,0.1397,0.1048,0.0529,0.0094,220400,2933.4417,6.09,23.6,24.4,0.2135,0.4503,0,0,0.3461,0.12
31540,"Madison, WI",3,3,4,4,6,4,7,7,169.5366,0.2326,0.1035,0.9143,0.6133,93.5533,80,0.1745,1,0.82,431.1924,9e-4,1.404,7,0,0,0.0703,0.047,0.1692,0.0195,230200,2621.3013,6.0825,26.425,11.25,0.0865,0.4422,0,0.0015,0.0915,0.3561
31700,"Manchester-Nashua, NH",6,5,12,11,4,4,8,8,444.9982,0.2632,0.1064,0.9413,0.5706,34.5025,110,0,0,1.15,319.3798,0.0045,5.4216,5,0,0,0.0408,0.0367,0.347,0.0262,256300,2078.808,6.6,24.5,12.4,0.0626,0.4252,0,0.0067,0.1304,0.3009
31900,"Mansfield, OH",5,2,10,6,5,5,6,6,255.702,0.2484,0.1416,0.9625,0.4914,28.0307,40,0,0,2.46,144.9189,0.006,0,1,4,0.1313,-0.0088,0.0665,0.2804,0.0132,103700,4507.3753,8.18,29.3,11.1,0.1058,0.4307,0,0,0.1985,0.1261
32580,"McAllen-Edinburg-Mission, TX",8,7,13,12,7,1,10,9,425.3354,0.353,0.0971,0.9797,0.386,16.2102,30,0,0,0.37,11.0903,0.0013,0.5218,5,0,0,0.1853,0.186,0.0216,0.0207,82400,5206.3611,6.77,28.7,30.4,0.3587,0.4902,0,0,0.4955,0.1291
32780,"Medford, OR",3,3,4,4,4,4,9,4,69.6085,0.2442,0.1599,0.9667,0.5071,60.4281,10,0,0,0.74,287.7279,4e-4,1.4736,3,0,0,0.0741,0.0555,0.0984,0.0137,240900,3916.775,5.62,23.2,19.2,0.1254,0.4605,0,0,0.1501,0.2228
32820,"Memphis, TN-MS-AR",1,1,3,3,1,1,1,1,248.9945,0.2827,0.1005,0.9452,0.4718,32.0885,120,0,0,0.94,756.264,0.008,4.4265,11,1,0.0049,0.0484,0.0678,0.0904,0.0295,138200,6048.0438,11.1733,34.7556,16.9889,0.1568,0.4909,0.0024,0.002,0.2117,0.2189
32900,"Merced, CA",8,7,13,12,7,1,10,9,122.6331,0.3452,0.095,0.9756,0.4071,34.9682,20,0,0,1.22,13.8451,0.001,0.0355,1,0,0,0.152,0.0667,0.0604,0.0134,196200,3896.4519,6.2,29.5,15.9,0.2166,0.4653,0,5e-4,0.3619,0.1105
33100,"Miami-Fort Lauderdale-West Palm Beach, FL",6,5,12,11,2,2,2,2,987.1448,0.2362,0.1645,0.9498,0.5009,58.7639,80,0.0185,0,0.31,1464.4455,0.006,5.4183,6,0,0,0.0806,0.1137,0.1062,0.0149,236500,4570.7861,8.55,20.1333,27.7,0.1405,0.5127,0,0.0036,0.2377,0.2405
33140,"Michigan City-La Porte, IN",5,2,10,6,5,5,6,6,181.6302,0.2452,0.1354,0.9624,0.4845,31.9759,0,0,0,2.34,58.3128,0.0017,0,0,4,0.2004,-0.0051,0.1002,0.2674,0.0254,126700,3950.1191,8.29,29.5,14.9,0.087,0.4376,0,0.0033,0.1942,0.1399
33260,"Midland, TX",6,5,7,7,4,4,4,4,69.8031,0.3035,0.1167,0.964,0.539,9.113,50,0,0,0.33,1585.7331,0,3.5141,0,0,0,0.0514,0.1119,0.0243,0.0094,185000,3327.7412,7.17,26.15,27.25,0.1313,0.4749,0.0628,0,0.2131,0.2433
33340,"Milwaukee-Waukesha-West Allis, WI",2,2,2,2,2,2,2,2,1020.5465,0.2639,0.1257,0.9361,0.5142,72.8541,140,0,0,1.37,2084.9948,0.0087,2.3664,10,5,0.1976,0.0144,0.0495,0.336,0.0281,197800,3544.6216,6.3875,27,8.9,0.1061,0.4761,0,0.0047,0.1549,0.2695
33460,"Minneapolis-St. Paul-Bloomington, MN-WI",6,5,12,11,4,4,8,8,394.8736,0.2674,0.0972,0.9263,0.5769,68.605,120,0.0313,1,0.98,2789.121,0.0072,5.6255,6,6,0.2667,0.0551,0.0305,0.5095,0.0303,230700,3461.6257,5.9031,26.65,9.7625,0.0674,0.4465,0,0.0033,0.096,0.3285
33540,"Missoula, MT",3,3,4,4,6,4,7,7,39.1798,0.2288,0.1001,0.9223,0.566,79.7143,10,0,0,0.31,349.4452,4e-4,2.654,0,0,0,0.0678,0.0697,0.1676,0.0158,259600,4372.5195,7.01,19.2,19.7,0.1478,0.4782,0,4e-4,0.0901,0.328
33660,"Mobile, AL",1,1,3,3,1,1,1,1,311.9855,0.2748,0.1198,0.9583,0.4553,17.1754,100,0,0,1.12,476.2619,0.0071,0.8158,4,3,0.0266,-0.0091,0.0904,0.0849,0.0438,124500,4742.9503,11.53,29.9,14.7,0.1851,0.4729,0,0.0024,0.2328,0.1864
33700,"Modesto, CA",8,7,13,12,7,1,10,9,330.4607,0.3115,0.1045,0.969,0.4532,35.7922,40,0,0,1.29,205.5533,0.0026,0.0355,0,0,0,0.1186,0.0375,0.0465,0.013,244100,5435.7826,6.35,28,16.7,0.1598,0.4493,0,0.002,0.2964,0.1405
33740,"Monroe, LA",1,1,3,3,1,1,1,1,112.0124,0.2763,0.1225,0.958,0.4812,29.8717,50,0,0,1.44,214.2655,0.0013,0.6508,1,3,0.1525,0.0129,0.0979,0.066,0.0421,126600,5030.7418,10.4,30.2,23.45,0.204,0.505,0.0781,7e-4,0.2238,0.2117
33780,"Monroe, MI",4,4,11,10,5,5,16,11,270.377,0.274,0.1112,0.9649,0.5109,16.8639,0,0,0,1.8,331.7013,0.0053,0,0,4,0.1323,0.0441,0.0478,0.3806,0.0251,149500,2371.1394,7.62,30.2,8.9,0.0703,0.4174,0,0.0018,0.1688,0.1434
33860,"Montgomery, AL",1,1,3,3,1,1,1,1,128.6375,0.263,0.1139,0.9521,0.4698,18.276,80,0,1,1.06,225.2553,0.0014,0.5676,1,0,0,0.035,0.1031,0.073,0.0329,132800,4833.8394,10.3675,32.95,13.95,0.1577,0.4711,0,7e-4,0.2105,0.2421
34060,"Morgantown, WV",6,5,7,7,6,4,7,7,117.9945,0.1966,0.1183,0.9351,0.4878,69.9843,0,0,0,0.56,1242.94,0.001,0.092,0,0,0,0.0786,0.1027,0.2885,0.0092,157300,2286.2003,8.665,28.55,24.3,0.2159,0.4972,0,0.001,0.1923,0.2604
34100,"Morristown, TN",1,1,1,1,1,1,1,1,219.8196,0.2311,0.131,0.966,0.4912,16.1669,0,0,0,2.5,24.9138,0,0,1,0,0,0.0516,0.0828,0.0601,0.0297,133200,4096.4504,8.14,29.1,16.3,0.1396,0.4541,0,0,0.2993,0.1309
34580,"Mount Vernon-Anacortes, WA",1,1,1,1,4,4,9,4,63.0614,0.263,0.146,0.9667,0.5085,46.7456,0,0,0,1.64,30.4966,0.0011,0,0,0,0,0.0748,0.0897,0.1067,0.0091,269100,7596.4692,5.34,29.5,16.1,0.1111,0.4405,0,0,0.1605,0.2076
34620,"Muncie, IN",1,1,1,1,1,1,1,1,298.8481,0.221,0.1346,0.9518,0.4748,77.025,60,0,0,1.45,166.5664,0.0025,0,2,3,0.0834,-0.005,0.0764,0.2391,0.0248,88600,3171.7018,9.06,31.3,14.6,0.1509,0.473,0,0,0.184,0.2038
34740,"Muskegon, MI",4,4,5,5,2,2,5,5,329.7855,0.2754,0.1286,0.962,0.5187,16.733,0,0,0,2.19,151.3002,0.0057,0.2187,0,6,0.2071,0.02,0.0762,0.3117,0.0303,105300,4830.9986,8.42,30.5,8.6,0.1142,0.4375,0,0.0171,0.1694,0.1389
34820,"Myrtle Beach-Conway-North Myrtle Beach, SC-NC",12,10,18,16,9,7,13,12,155.8645,0.2129,0.1551,0.95,0.5167,15.3545,0,0,0,0.29,96.3147,0,2.4424,4,0,0,0.1778,0.3532,0.0181,0.0044,172200,4800.705,9.57,27.3,22.4,0.1219,0.446,0,5e-4,0.1965,0.1798
34900,"Napa, CA",3,3,19,4,6,4,18,15,165.4569,0.2414,0.1536,0.963,0.5471,68.1529,30,0,0,1.7,963.0278,0,0,0,0,0,0.0491,0.0649,0.099,0.0119,560500,2509.5681,5.72,20.8,21.1,0.0829,0.4734,0,0,0.196,0.2639
34940,"Naples-Immokalee-Marco Island, FL",12,10,17,16,9,7,15,12,145.8742,0.1987,0.2447,0.9677,0.4721,41.6675,0,0,0,0.18,1463.8839,0,0.107,1,1,0.0686,0.2231,0.2876,0.0142,0.0033,316200,2082.9268,6.54,20.9,32.9,0.1026,0.5237,0,0,0.1825,0.2792
34980,"Nashville-Davidson--Murfreesboro--Franklin, TN",6,5,7,7,3,3,3,3,236.9989,0.2491,0.1029,0.935,0.5161,29.5982,120,0.0662,1,0.99,607.2698,0.0017,3.0194,56,0,0,0.0941,0.0617,0.0775,0.0301,197000,3900.5896,8.2614,29.6214,15.0429,0.1035,0.466,0.0024,2e-4,0.198,0.2503
35300,"New Haven-Milford, CT",2,2,2,2,2,2,2,2,1365.3878,0.2448,0.1448,0.9422,0.5075,81.3211,140,0.118,0,1.38,411.6505,0.0097,0.0769,11,6,0.2108,0.0281,0.0637,0.3671,0.045,244400,3126.7928,8.29,24,11.5,0.0949,0.467,0,0.0081,0.1699,0.2763
35380,"New Orleans-Metairie, LA",1,1,20,3,5,5,19,6,255.1801,0.2677,0.1136,0.945,0.0073,63.284,170,0.0812,0,1.6,424.2319,0.0062,3.1777,8,5,0.4521,-0.0795,0.0911,0.2965,0.0291,184100,4321.0017,10.1587,30.325,21.825,0.1838,0.4999,0.019,8e-4,0.2234,0.2256
35620,"New York-Newark-Jersey City, NY-NJ-PA",9,8,14,13,12,10,20,16,2132.5245,0.2472,0.1256,0.9384,0.4944,99.1469,210,0.026,0,0.43,3688.9253,0.0102,2.6752,212,0,0,0.0149,0.0586,0.3597,0.0531,413200,1927.6186,7.6124,22.924,15.8,0.1349,0.5134,0,0.0143,0.2112,0.3014
35660,"Niles-Benton Harbor, MI",5,2,10,6,5,5,6,6,273.4527,0.2604,0.1443,0.9601,0.4988,39.9917,0,0,0,1.84,182.49,0,0,0,5,0.162,-0.0243,0.1345,0.3739,0.038,140900,3270.4561,7.96,29.1,12.1,0.127,0.4766,0,0.0052,0.1807,0.1962
35840,"North Port-Sarasota-Bradenton, FL",12,10,17,16,9,7,15,12,480.7407,0.1822,0.2852,0.9681,0.4652,26.5465,20,0,0,0.56,706.2839,0.0014,0.9722,5,1,0.0151,0.1437,0.1815,0.0681,0.0073,207600,4005.8866,7.49,21.4,25.85,0.0881,0.4774,0,0,0.1533,0.2458
35980,"Norwich-New London, CT",5,2,6,6,5,5,12,11,386.9026,0.2441,0.1303,0.9493,0.5345,78.4399,0,0,0,1.46,160.077,0.0029,0,22,4,0.0299,0.0408,0.0979,0.4465,0.0274,238900,1388.0236,6.79,22.4,10.1,0.0638,0.4425,0,0.0014,0.1396,0.2623
36100,"Ocala, FL",12,10,17,16,9,7,15,12,182.3365,0.2141,0.2452,0.9745,0.4212,14.5269,0,0,0,0.78,51.5951,6e-4,0,1,0,0,0.1724,0.1297,0.0486,0.0098,119200,2808.0301,8.31,25,25.8,0.1308,0.4467,0,0,0.218,0.1369
36140,"Ocean City, NJ",12,10,18,16,9,7,13,12,347.5674,0.2234,0.2021,0.966,0.5812,74.4898,0,0,0,0.12,86.4714,0,0,0,2,0.2457,-0.0299,0.5371,0.1636,0.0082,295500,4515.0047,6.57,25.1,15.5,0.0858,0.4684,0,0.0035,0.1813,0.2202
36220,"Odessa, TX",1,1,3,3,1,1,1,1,138.9548,0.304,0.1093,0.9662,0.4968,17.561,50,0,0,0.71,63.7439,0,0,0,0,0,0.0351,0.1142,0.0223,0.0155,120800,4003.0946,9.7,28.6,24.2,0.1871,0.4521,0,0.0033,0.3204,0.12
36260,"Ogden-Clearfield, UT",3,3,9,9,4,4,9,4,61.7623,0.3357,0.0883,0.9702,0.5077,46.1591,60,0,0,1.32,229.7252,3e-4,0,3,0,0,0.0969,0.055,0.2081,0.0142,220600,2909.1421,6.29,23.975,17.125,0.0696,0.3934,0,5e-4,0.1118,0.2417
36420,"Oklahoma City, OK",6,5,7,7,4,4,4,4,208.0715,0.257,0.1137,0.9474,0.4942,23.7711,100,0,1,0.54,716.1283,0.0023,1.5272,3,0,0,0.0601,0.0897,0.0932,0.0156,146800,5303.5026,7.5771,29.3286,22.5571,0.1352,0.4624,0,5e-4,0.1646,0.2416
36500,"Olympia-Tumwater, WA",3,3,4,4,4,4,9,4,299.3962,0.2533,0.114,0.9509,0.5372,56.0291,0,0,1,0.26,64.8205,0.0026,0,1,0,0,0.0949,0.058,0.1669,0.0067,255500,3783.7576,5.67,26.9,12.7,0.0884,0.4118,0,0.0013,0.105,0.2984
36540,"Omaha-Council Bluffs, NE-IA",6,5,7,7,4,4,4,4,185.0221,0.2722,0.1095,0.9384,0.5407,36.5708,120,0,0,0.63,1030.5864,0.005,2.5202,5,0,0,0.0616,0.0547,0.2188,0.0224,157500,4153.3374,7.1537,27.8875,11.05,0.0836,0.4418,0,7e-4,0.1219,0.271
36740,"Orlando-Kissimmee-Sanford, FL",6,5,12,11,4,4,8,8,486.8773,0.248,0.1241,0.9362,0.5194,37.6938,60,0,0,0.36,813.8563,0.0027,8.8874,1,0,0,0.1892,0.0853,0.0515,0.0091,180100,4199.1641,8.315,24.15,23.125,0.1068,0.4671,0,0.001,0.1723,0.248
36780,"Oshkosh-Neenah, WI",4,4,11,10,5,5,16,11,279.6549,0.2382,0.1254,0.937,0.5648,47.1651,40,0,0,2.58,230.6342,0.0052,0,1,0,0,0.0299,0.0551,0.3163,0.0238,147300,2098.4695,6.83,26.3,9.2,0.0668,0.4377,0,0,0.1372,0.2278
36980,"Owensboro, KY",1,1,1,1,5,5,16,11,119.6652,0.2573,0.1365,0.9644,0.4946,23.1357,40,0,0,2.29,301.3586,0.0011,0.0324,3,0,0,0.0145,0.0688,0.1183,0.0406,119700,2348.635,8.88,30.6333,18.3667,0.1276,0.4497,0,0.0032,0.2047,0.1557
37100,"Oxnard-Thousand Oaks-Ventura, CA",3,3,19,4,6,4,18,15,427.4865,0.2844,0.102,0.9662,0.5237,44.1235,40,0,0,1.67,608.5102,0.0011,0.0287,0,0,0,0.0544,0.0337,0.0245,0.0111,520300,2106.1525,6.35,23.1,17.9,0.0923,0.4478,0,5e-4,0.199,0.2695
37340,"Palm Bay-Melbourne-Titusville, FL",3,3,4,4,9,7,15,12,408.5977,0.2198,0.1988,0.9627,0.4915,16.8162,20,0,0,1.47,94.9484,0.0015,0.4269,1,0,0,0.1127,0.1075,0.0016,0.0139,162400,3214.715,8.25,23.3,19.6,0.0947,0.4548,0,8e-4,0.1366,0.2355
37460,"Panama City, FL",12,10,18,16,9,7,13,12,122.8833,0.2385,0.136,0.9554,0.4965,25.7755,0,0,0,0.38,111.5058,0.0014,1.0538,1,0,0,0.1062,0.2499,0.069,0.0157,165200,3779.561,7.99,25.25,19.8,0.1332,0.4506,0,7e-4,0.197,0.1702
37620,"Parkersburg-Vienna, WV",5,2,10,6,5,5,6,6,151.6204,0.2314,0.15310000000000001,0.9634,0.4689,34.6729,0,0,0,1.77,522.6033,0.0016,0.1486,1,5,0.297,-0.0128,0.1043,0.3077,0.0248,112300,4376.4503,9.39,31.4,19.05,0.1421,0.4616,0,0.0016,0.1916,0.1491
37860,"Pensacola-Ferry Pass-Brent, FL",3,3,4,4,5,5,6,6,231.7574,0.2439,0.1265,0.9572,0.4622,43.0406,50,0,0,0.43,79.4384,0.0011,1.8549,0,4,0.1274,0.0663,0.1089,0.1478,0.0147,145500,3221.373,8.79,25.25,18.85,0.1377,0.4362,0,0.0042,0.1696,0.2153
37900,"Peoria, IL",4,4,11,10,5,5,16,11,147.0384,0.2497,0.1472,0.9538,0.5167,41.6091,110,0,0,1.86,291.162,0.0052,0.6912,2,4,0.0942,0.0078,0.0632,0.2206,0.0376,133300,2020.1638,7.238,27.1,14.54,0.0979,0.4464,0.0112,0,0.1534,0.2075
37980,"Philadelphia-Camden-Wilmington, PA-NJ-DE-MD",9,8,14,13,12,10,20,16,1229.3079,0.2538,0.1334,0.9436,0.5003,89.2875,200,0.0343,0,0.83,2799.2952,0.0133,2.6379,172,6,0.2634,0.025,0.0646,0.4173,0.0247,240700,2731.6213,8.24,25.7909,12.2909,0.1083,0.4849,0,0.019,0.1758,0.2773
38060,"Phoenix-Mesa-Scottsdale, AZ",6,5,12,11,4,4,4,4,258.4493,0.2685,0.1194,0.9389,0.5149,45.9025,70,0.0265,1,0.77,514.1112,0.0016,5.3833,7,0,0,0.1608,0.103,0.0249,0.0084,216600,5341.3043,7.065,25.3,21.4,0.1201,0.4659,0,4e-4,0.1807,0.2508
38220,"Pine Bluff, AR",1,1,3,3,1,1,1,1,49.8311,0.2573,0.1283,0.9687,0.4481,23.0031,40,0,0,1.52,77.1537,0.001,0,3,4,0.1447,-0.0319,0.117,0.0736,0.0282,79900,5682.4196,11.1,32.8667,19.7333,0.1996,0.4604,0.0772,0,0.2669,0.1409
38300,"Pittsburgh, PA",2,2,2,2,2,2,2,2,444.9717,0.2228,0.1772,0.953,0.504,87.1078,140,0.0842,0,0.88,2994.6013,0.0045,2.1962,20,6,0.5483,-0.0233,0.0769,0.5067,0.0382,142100,2499.5336,7.7786,28.1714,11.0429,0.1084,0.4691,0,0.0011,0.1509,0.2344
38340,"Pittsfield, MA",5,2,6,6,5,5,12,11,140.3084,0.2237,0.1795,0.9557,0.5481,69.2276,60,0,0,1.14,471.2341,0,0,24,5,0.2271,-0.0177,0.1553,0.4378,0.0305,203300,1971.8926,7.5,22.8,10.7,0.0946,0.464,0,0.0021,0.1495,0.2595
38540,"Pocatello, ID",3,3,4,4,4,4,9,4,67.548,0.2813,0.1014,0.957,0.5238,56.0501,10,0,0,0.68,85.2082,9e-4,0,0,0,0,0.0245,0.0656,0.1386,0.0137,148300,3375.1405,7.33,27.4,11.6,0.1387,0.4519,0,0.0017,0.1245,0.2495
38860,"Portland-South Portland, ME",5,2,6,6,5,5,12,11,224.7838,0.2406,0.1335,0.9429,0.5603,63.7252,110,0,0,0.79,800.0489,0.0022,1.439,16,6,0.1474,0.0466,0.1571,0.4902,0.0252,243800,2456.8527,6.34,23.3333,10.8333,0.0804,0.451,0,0.0022,0.114,0.2922
38900,"Portland-Vancouver-Hillsboro, OR-WA",3,3,4,4,4,4,8,8,303.6548,0.2551,0.1034,0.9305,0.5291,86.4116,110,0,0,1.85,1327.9892,0.0063,3.2888,8,0,0,0.0723,0.0573,0.3404,0.0139,312500,4460.4017,5.6714,26.8,16.9143,0.0948,0.4508,0,0.0024,0.1279,0.2878
38940,"Port St. Lucie, FL",12,10,17,16,9,7,15,12,297.1381,0.2104,0.249,0.9748,0.4626,14.5154,20,0,0,0.4,409.3226,0.0031,0,1,0,0,0.2018,0.1564,0.0019,0.0085,167200,2867.5852,7.845,23.15,26.5,0.1158,0.4898,0,0.0015,0.1917,0.1974
39140,"Prescott, AZ",12,10,17,16,9,7,15,12,24.0391,0.2113,0.2198,0.9742,0.4679,37.6205,0,0,0,0.48,322.0353,0,0.0257,2,0,0,0.1666,0.1414,0.0949,0.0042,215000,3009.354,7.16,17.7,26.4,0.1195,0.4447,0,0,0.1528,0.2113
39300,"Providence-Warwick, RI-MA",9,8,14,13,8,6,11,10,956.5773,0.2398,0.144,0.9483,0.5291,73.3536,150,0.062,1,0.86,1075.0214,0.0047,1.7752,96,7,0.2977,0.0192,0.0654,0.4704,0.0547,257300,2696.682,7.1533,21.7667,11.4333,0.1128,0.4685,0.0044,0.0113,0.2366,0.2365
39340,"Provo-Orem, UT",3,3,9,9,4,4,9,4,79.3137,0.3415,0.0645,0.9691,0.4755,76.6731,40,0,0,1.1,521.1955,0,0,0,0,0,0.1668,0.0442,0.082,0.0046,255100,3067.8559,6.81,24.5,16.7,0.1196,0.4158,0,2e-4,0.0933,0.3097
39380,"Pueblo, CO",1,1,1,1,4,4,9,4,62.4965,0.2583,0.1517,0.9632,0.4627,41.7577,80,0,0,1.02,246.1366,4e-4,0.0269,1,0,0,0.059,0.0738,0.2277,0.0277,148000,5766.7278,9.19,23.3,13.2,0.1486,0.4535,0,0,0.1868,0.1834
39460,"Punta Gorda, FL",12,10,17,16,9,7,15,12,207.5525,0.1567,0.3472,0.9838,0.4257,11.6098,0,0,0,0.18,35.0929,0,0,0,0,0,0.0963,0.1993,0.0271,0.0058,165200,3187.5153,7.19,23.7,25.4,0.0823,0.4572,0,0,0.1785,0.1758
39540,"Racine, WI",4,4,11,10,5,5,16,11,568.3293,0.2698,0.123,0.9576,0.5097,40.742,90,0,0,3.11,201.0199,0.0029,0,3,4,0.1713,0.0234,0.0522,0.3575,0.0205,165200,3545.1304,7.39,28,8.8,0.084,0.4297,0,0.0029,0.1709,0.2027
39580,"Raleigh, NC",6,5,12,11,4,4,4,4,439.9574,0.2526,0.0797,0.914,0.53,28.5767,60,0.1059,1,0.99,279.1612,0.0042,5.0004,21,0,0,0.1852,0.0699,0.0492,0.0152,224800,2876.4985,8.0667,29.5667,18.9,0.0888,0.4459,0,0.0014,0.1372,0.3764
39660,"Rapid City, SD",3,3,4,4,4,4,9,4,16.1316,0.2681,0.1178,0.954,0.5565,39.777,20,0,0,0.44,441.7624,6e-4,1.9379,1,0,0,0.0492,0.0903,0.0789,0.0347,172600,2842.1086,7.66,25.5,15.6667,0.1098,0.4377,0.0286,1e-4,0.1215,0.2335
39740,"Reading, PA",5,2,6,6,2,2,5,5,457.756,0.246,0.1504,0.9587,0.5019,64.1273,120,0,0,1.84,280.0467,0.0023,0,31,8,0.2077,0.0597,0.0576,0.5937,0.0209,170900,2826.2358,7.41,28,14,0.0943,0.4383,0,0.0092,0.2196,0.1849
39820,"Redding, CA",3,3,4,4,4,4,4,4,45.7027,0.2614,0.1523,0.9714,0.4655,39.287,20,0,0,0.39,1906.9589,0,0.3559,0,0,0,0.0757,0.0782,0.0348,0.0068,233500,3430.8003,6.07,25.3,14.4,0.1536,0.4634,0,3e-4,0.1674,0.166
39900,"Reno, NV",6,5,12,11,10,8,14,13,58.3483,0.2483,0.1057,0.9435,0.5315,62.1098,50,0,0,0.72,4716.3754,0.0012,6.3308,1,0,0,0.1565,0.0822,0.0464,0.0141,267200,4114.529,8.19,21.2,21.1,0.0992,0.462,0.007,0,0.1603,0.2365
40060,"Richmond, VA",6,5,7,7,8,6,11,10,241.7214,0.2512,0.1133,0.9397,0.5224,40.9982,140,0,1,0.86,832.8607,0.0034,1.2793,119,4,0.181,0.0752,0.0571,0.2831,0.0302,220400,3571.0447,9.0782,29.1118,14.3176,0.0928,0.4568,0.0037,9e-4,0.1815,0.2819
40140,"Riverside-San Bernardino-Ontario, CA",8,7,13,12,7,1,10,9,141.3794,0.3136,0.1052,0.9698,0.4397,43.4593,50,0.0258,0,0.7,201.126,8e-4,1.0838,2,0,0,0.1908,0.1275,0.0704,0.0087,293800,3628.9102,6.59,25.8,25,0.1505,0.4478,0,3e-4,0.2543,0.1627
40220,"Roanoke, VA",4,4,11,10,1,1,1,1,156.448,0.2253,0.1555,0.953,0.5042,41.1534,90,0,0,1.14,233.9571,0.0048,1.1005,15,3,0.0318,0.0281,0.0791,0.2099,0.029,173100,3292.1172,7.5233,27.3167,13.6667,0.0949,0.4523,0.0274,0.0011,0.2059,0.2099
40340,"Rochester, MN",4,4,11,10,4,4,9,4,78.8376,0.272,0.1238,0.9413,0.5747,75.6582,40,0,0,1.33,189.3676,8e-4,0.7215,3,0,0,0.0674,0.0447,0.1153,0.025,179700,1673.0227,6.8125,26.9,11.475,0.0672,0.4398,0,4e-4,0.1106,0.2867
40380,"Rochester, NY",2,2,2,2,3,3,3,3,320.0478,0.2566,0.1289,0.9451,0.5119,70.4516,140,0.0934,0,1.96,600.9018,0.0027,1.3548,57,6,0.3667,0.0075,0.0749,0.5541,0.0304,138300,2949.502,6.4433,25.8667,14.5,0.1055,0.4562,0,9e-4,0.1575,0.2753
40420,"Rockford, IL",4,4,5,5,2,2,5,5,419.896,0.2685,0.1246,0.952,0.4912,26.0311,90,0,0,2.45,275.1506,0.0125,0.245,1,0,0,0.049,0.0558,0.2248,0.0353,119700,3008.6067,8.09,26.15,16.85,0.0928,0.4497,0,0.01,0.1865,0.1876
40580,"Rocky Mount, NC",1,1,1,1,1,1,1,1,140.0913,0.2606,0.1248,0.9655,0.4653,19.4912,10,0,0,1.97,93.3469,0.001,0,11,0,0,0.028,0.1149,0.0937,0.0318,104500,4828.3649,11,35.05,13.05,0.1583,0.4736,0,0,0.2819,0.1388
40660,"Rome, GA",1,1,1,1,1,1,1,1,181.8988,0.2455,0.1393,0.9658,0.5315,54.9906,0,0,0,1.81,51.2968,0,0,9,0,0,0.0416,0.0707,0.1604,0.0428,126600,4821.2696,8.74,31.9,17.2,0.1445,0.4635,0,0,0.2853,0.158
40900,"Sacramento--Roseville--Arden-Arcade, CA",3,3,19,4,6,4,18,15,383.7701,0.2708,0.1133,0.9448,0.4973,57.2753,90,0.0491,1,0.39,109.7681,0.0021,2.5104,7,0,0,0.1324,0.0695,0.1296,0.0172,339500,4054.3529,6.0275,21.975,16.5,0.1275,0.464,0,0.0011,0.1544,0.2655
40980,"Saginaw, MI",5,2,10,6,5,5,6,6,254.5879,0.2661,0.1349,0.9589,0.4743,24.8463,100,0,0,1.69,413.8635,0.0049,1.0304,1,5,0.4758,-0.0127,0.0594,0.3899,0.0297,94900,3454.7278,9.15,33.7,9.6,0.1392,0.4655,0,0,0.1842,0.159
41060,"St. Cloud, MN",4,4,11,10,4,4,9,4,99.6305,0.26,0.1101,0.9436,0.5736,61.0625,10,0,0,1.37,69.982,0.0017,0,1,0,0,0.0707,0.0483,0.1602,0.0228,169300,2569.439,7.175,26.7,10.1,0.084,0.4287,0,0.0011,0.1404,0.2096
41100,"St. George, UT",3,3,4,4,4,4,9,4,48.9837,0.312,0.1698,0.9798,0.4785,36.8268,0,0,0,0.5,98.9505,0,0.4174,0,0,0,0.317,0.1793,0.0227,0.0032,240300,2249.5798,5.59,22.6,22.5,0.1119,0.4381,0,0,0.1243,0.2096
41140,"St. Joseph, MO-KS",5,2,6,6,5,5,6,6,73.7949,0.2434,0.1488,0.9624,0.5251,35.9203,120,0,0,2.13,256.2623,0.003,0,0,11,0.2544,0.0094,0.0798,0.3506,0.0255,116600,4132.5192,6.1625,30.3,14.975,0.1154,0.4373,0,6e-4,0.1864,0.1635
41180,"St. Louis, MO-IL",2,2,2,2,2,2,2,2,338.0937,0.2621,0.1299,0.9467,0.5225,51.2951,160,0.0366,0,1.14,719.5756,0.0069,2.5186,15,6,0.6273,0.0205,0.0743,0.4851,0.0247,162600,3205.856,7.6733,28.44,13.7867,0.0993,0.4662,0.0074,0.002,0.1671,0.2497
41420,"Salem, OR",3,3,4,4,4,4,9,4,190.6192,0.2701,0.128,0.9624,0.4983,66.6423,40,0,1,0.79,117.5386,0.0021,0,2,0,0,0.06,0.0598,0.0993,0.0122,210100,4679.8498,5.355,30.25,18.35,0.1313,0.4248,0,0,0.1959,0.208
41500,"Salinas, CA",3,3,19,4,6,4,18,15,122.2178,0.2839,0.1003,0.9612,0.5099,68.5518,40,0,0,0.3,400.5043,3e-4,0.4782,1,1,0.0041,0.0084,0.0795,0.0587,0.0142,441000,3608.1444,5.96,21.8,23.5,0.1351,0.4595,0,9e-4,0.3157,0.225
41540,"Salisbury, MD-DE",12,10,18,16,9,7,13,12,150.665,0.2253,0.1686,0.9656,0.5238,45.1534,0,0,0,0.79,143.555,0.0013,0.1868,41,0,0,0.106,0.3357,0.1586,0.0154,220900,1411.6122,9.04,30.175,16.55,0.1165,0.4518,0.0254,9e-4,0.2216,0.1835
41620,"Salt Lake City, UT",6,5,12,11,4,4,8,8,123.3568,0.3065,0.0806,0.9445,0.5441,64.9357,110,0.1003,1,0.76,780.2252,0.0012,10.6551,4,5,0.0159,0.0619,0.0523,0.3172,0.0113,255100,5687.7061,6.91,25.65,16.45,0.0794,0.4322,0,0.0015,0.1322,0.2694
41660,"San Angelo, TX",1,1,1,1,1,1,1,1,41.0817,0.261,0.1347,0.9603,0.4953,57.9415,60,0,0,0.78,260.8785,0,0.6164,0,0,0,0.0076,0.1033,0.0744,0.0288,122700,5379.6429,8.04,26.6,21.6,0.1508,0.469,0,0,0.237,0.1954
41700,"San Antonio-New Braunfels, TX",6,5,7,7,4,4,4,4,256.9685,0.2837,0.108,0.9516,0.4718,51.7985,110,0,0,0.52,871.7922,0.002,1.9009,9,0,0,0.1079,0.073,0.0663,0.0206,152400,5313.9014,7.8588,26.5625,26.0375,0.1509,0.4599,0.0099,1e-4,0.2287,0.2207
41740,"San Diego-Carlsbad, CA",3,3,19,4,6,4,18,15,689.4901,0.2572,0.1115,0.9342,0.507,69.9257,90,0.034,0,0.65,422.7932,0.0026,2.9532,9,0,0,0.0443,0.0437,0.0769,0.014,484900,3322.2785,6.29,22.2,21.6,0.1243,0.4666,0,2e-4,0.1742,0.2952
41860,"San Francisco-Oakland-Hayward, CA",11,8,16,15,11,9,17,14,1615.5469,0.2259,0.117,0.9162,0.5188,93.8802,150,0.0242,0,1.06,4848.8998,0.0144,5.5927,9,0,0,0.0034,0.0342,0.4987,0.0231,716500,3917.5341,6.636,18.32,16.52,0.0915,0.4884,0,0.0031,0.1581,0.388
41940,"San Jose-Sunnyvale-Santa Clara, CA",11,8,16,15,11,9,17,14,643.1219,0.2498,0.095,0.9283,0.4855,60.7782,80,0.0578,0,1.96,4413.5574,0.0022,3.0694,2,0,0,-0.0034,0.0236,0.0525,0.0137,815000,2683.1272,5.835,20.95,16.7,0.076,0.4637,0,0.0086,0.1684,0.3984
42020,"San Luis Obispo-Paso Robles-Arroyo Grande, CA",3,3,19,4,6,4,18,15,77.8098,0.2165,0.1447,0.9567,0.5084,68.1419,0,0,0,0.57,62.544,0,0.6762,1,0,0,0.0484,0.0932,0.1134,0.0084,499800,2485.1613,5.88,21.5,21.1,0.1284,0.4518,0,0,0.1442,0.267
42100,"Santa Cruz-Watsonville, CA",3,3,19,4,6,4,18,15,562.8178,0.2376,0.0997,0.9397,0.5688,84.0411,10,0.3978,0,0.65,337.4758,0,0,1,0,0,-0.0165,0.0782,0.2222,0.0175,659900,4079.5299,5.39,17.8,22.1,0.1187,0.4784,0,0.0022,0.1678,0.3418
42140,"Santa Fe, NM",3,3,4,4,10,8,14,13,72.07,0.2405,0.1075,0.9498,0.5574,47.0697,20,0,1,0.18,4273.2605,0.001,0.0765,2,0,0,0.0643,0.0904,0.0974,0.0193,277700,3973.5484,8.37,12.7,29,0.12,0.4849,0,0,0.1551,0.3692
42200,"Santa Maria-Santa Barbara, CA",3,3,19,4,6,4,18,15,148.2873,0.2492,0.1271,0.9513,0.5225,89.5423,50,0.2451,0,0.69,1694.7883,4e-4,1.1498,1,1,0.0424,0.0219,0.0439,0.1903,0.012,509400,2386.0576,6.34,22.2,25.4,0.1433,0.4826,0,4e-4,0.2076,0.2942
42220,"Santa Rosa, CA",3,3,19,4,6,4,18,15,292.9086,0.2445,0.1264,0.9573,0.5439,64.8471,40,0,0,1.06,558.122,6e-4,0,4,0,0,0.016,0.0587,0.0583,0.0106,513300,2589.8295,5.47,19.8,20.1,0.0806,0.4584,0,6e-4,0.1508,0.2854
42340,"Savannah, GA",6,5,7,7,4,4,4,4,220.0087,0.2615,0.1177,0.9462,0.5261,47.5566,110,0,0,1.35,171.8606,0.0084,3.2833,2,5,0.0868,0.0735,0.0932,0.1636,0.0313,173300,4818.9668,8.8967,28.5333,17.1,0.1447,0.4609,0,0,0.2007,0.2316
42540,"Scranton--Wilkes-Barre--Hazleton, PA",5,2,6,6,5,5,6,6,313.7912,0.2152,0.1926,0.9605,0.4977,62.3428,120,0,0,1.12,167.3184,0.0051,0.3986,3,8,0.4695,-0.0071,0.0993,0.629,0.0469,136300,2386.2305,7.33,27.6,11.3667,0.1084,0.4527,0,0.0039,0.1846,0.1754
42660,"Seattle-Tacoma-Bellevue, WA",11,8,16,15,10,8,14,13,534.4005,0.2455,0.1014,0.9203,0.54,88.139,110,0.0313,0,1.16,10083.3266,0.0099,4.497,14,0,0,0.0507,0.0469,0.3243,0.0171,365400,5367.9417,6.0833,25.7333,13.8,0.0854,0.4545,0,0.0028,0.1069,0.3273
42680,"Sebastian-Vero Beach, FL",12,10,17,16,9,7,15,12,236.4606,0.1921,0.2919,0.9752,0.4649,17.5496,0,0,0,0.35,837.9631,0,0,1,1,0.1404,0.1329,0.1514,0.0491,0.0028,172600,3355.0858,7.41,21.2,24.3,0.093,0.5189,0,0.0018,0.1844,0.2311
43100,"Sheboygan, WI",4,4,11,10,5,5,16,11,221.5098,0.2554,0.1397,0.9483,0.564,42.7609,10,0,0,3.34,611.0596,0,0,3,1,0.0296,0.0161,0.0523,0.3845,0.0189,149800,2584.4444,5.19,26.5,10,0.0518,0.4079,0,0.0019,0.1556,0.1791
43300,"Sherman-Denison, TX",1,1,1,1,1,1,1,1,118.105,0.2529,0.1512,0.9695,0.4877,24.0207,0,0,0,2.12,234.9293,0.0031,0,0,0,0,0.0459,0.1131,0.1099,0.025,116600,3810.1084,7.24,25.4,22.1,0.1127,0.4449,0,0,0.1977,0.1724
43340,"Shreveport-Bossier City, LA",1,1,3,3,1,1,1,1,127.9937,0.2704,0.1319,0.959,0.4712,37.7101,80,0,0,1.35,191.7333,0.0018,0.7541,1,3,0.0371,0.0156,0.1006,0.0782,0.0311,138700,4420.6721,12.325,29.375,21.075,0.1953,0.4987,0,6e-4,0.2166,0.1853
43580,"Sioux City, IA-NE-SD",1,1,1,1,5,5,16,11,55.8025,0.2784,0.1353,0.9575,0.5377,33.1072,90,0,0,1.72,432.8436,0.0014,0.2532,1,5,0.0726,-0.0182,0.0578,0.3554,0.0227,119900,2580.0777,6.562,29.6,13.08,0.0942,0.4324,0.1672,3e-4,0.181,0.186
43620,"Sioux Falls, SD",3,3,4,4,4,4,9,4,80.0386,0.2667,0.1164,0.9382,0.5835,32.9961,60,0,0,0.58,326.7418,0.0031,1.7253,4,0,0,0.1043,0.0411,0.1342,0.0223,171000,2400.2323,6.52,26.15,13.15,0.0713,0.433,0.0666,4e-4,0.1185,0.2514
43780,"South Bend-Mishawaka, IN-MI",4,4,11,10,5,5,6,6,327.6448,0.2569,0.1359,0.9495,0.5101,53.7895,100,0.3152,0,1.65,765.3391,0.0052,1.1028,5,5,0.2362,0.0018,0.08,0.2867,0.0302,120200,4150.1036,8.41,29.8,13.15,0.1029,0.4662,0,0.0041,0.1794,0.2165
43900,"Spartanburg, SC",1,1,1,1,1,1,1,1,219.945,0.2469,0.1284,0.9599,0.4915,19.5517,0,0,0,2.41,224.3032,0.0045,3.0416,9,4,0.1691,0.0354,0.0874,0.1239,0.0254,122300,4106.6042,10.69,31.2,16.2,0.125,0.457,0,0.0015,0.2757,0.1727
44060,"Spokane-Spokane Valley, WA",3,3,4,4,4,4,9,4,86.2921,0.2599,0.1253,0.9523,0.5,69.5937,100,0,0,0.79,108.9697,0.0017,3.2033,0,0,0,0.0525,0.08,0.2899,0.0155,194400,3905.4789,6.3367000000000004,27.4,13.8333,0.1278,0.4527,0,0.0019,0.1143,0.2384
44100,"Springfield, IL",3,3,4,4,4,4,9,4,172.0753,0.2505,0.1349,0.9428,0.5469,43.7812,100,0,1,0.29,164.0585,0,0.4011,3,0,0,0.0176,0.0788,0.1974,0.0225,135900,3583.1366,7.605,27.55,13,0.0925,0.459,0,0,0.1191,0.2805
44140,"Springfield, MA",2,2,2,2,2,2,2,2,523.5275,0.2444,0.139,0.9484,0.506,78.4096,110,0.1622,0,0.94,189.7867,0.0144,0,13,5,0.1227,0.0132,0.0542,0.3627,0.0533,217500,3394.482,7.43,23.8,11.85,0.135,0.4677,0,8e-4,0.1835,0.2466
44180,"Springfield, MO",3,3,4,4,4,4,4,4,133.434,0.2411,0.1316,0.9503,0.5274,28.8272,80,0,0,0.87,157.8288,0.0017,1.0781,1,0,0,0.0937,0.0715,0.1379,0.0125,137000,4330.0412,6.364,29.06,16.78,0.1241,0.4486,0.0282,0.001,0.1696,0.213
44220,"Springfield, OH",5,2,10,6,5,5,6,6,351.4311,0.2512,0.1469,0.9666,0.4989,42.7019,90,0,0,1.57,866.1455,0.005,0,3,5,0.2673,-0.0233,0.0722,0.3676,0.0333,107300,6092.6525,8.59,30,10.3,0.1067,0.4422,0,0,0.1876,0.1488
44300,"State College, PA",7,6,8,8,6,4,7,7,130.9377,0.1802,0.1037,0.9213,0.4974,97.0383,0,0.6871,0,0.51,72.0885,0,0.988,6,0,0,0.0721,0.0722,0.0986,0.0078,212300,1930.7009,6.47,27.1,25,0.1881,0.4651,0,9e-4,0.1181,0.3628
44700,"Stockton-Lodi, CA",8,7,13,12,7,1,10,9,460.7896,0.3097,0.1061,0.9691,0.4317,40.5269,70,0,0,0.81,95.9139,0.0126,0,1,0,0,0.1657,0.0398,0.0845,0.0156,281100,5563.5973,6.68,29.2,16.2,0.1774,0.455,0,0.0021,0.2877,0.1453
44940,"Sumter, SC",1,1,1,1,1,1,1,1,155.4529,0.2812,0.1124,0.9624,0.4378,22.9191,0,0,0,1.8,52.9572,0,0,7,2,0.0338,0.0137,0.0964,0.0726,0.0235,113200,4632.2656,10.05,34.1,14.3,0.1625,0.4512,0,0,0.2572,0.1582
45060,"Syracuse, NY",2,2,2,2,2,2,2,2,264.0273,0.2586,0.132,0.9474,0.5039,79.6685,130,0,0,1.1,171.8918,0.0032,1.8666,18,6,0.3419,0.0075,0.0937,0.4804,0.0342,131100,2404.0451,7.6367,27.2,13.8333,0.1227,0.4545,0,0.0024,0.1553,0.252
45220,"Tallahassee, FL",6,5,7,7,6,4,7,7,139.0208,0.2239,0.0924,0.9282,0.5211,43.5654,40,0.2905,1,0.22,72.103,8e-4,1.6666,5,0,0,0.0748,0.082,0.0271,0.0187,167600,3909.5792,9.75,29.8,20.925,0.179,0.4752,0.045,4e-4,0.1528,0.3412
45300,"Tampa-St. Petersburg-Clearwater, FL",6,5,12,11,2,2,2,2,987.7157,0.2191,0.192,0.9483,0.4747,36.715,90,0.0377,0,0.51,199.0452,0.0048,3.6191,3,0,0,0.1067,0.1177,0.1082,0.0147,162600,4154.8435,7.9675,25.2,20.3,0.1115,0.4766,0,0.0056,0.1854,0.2169
45460,"Terre Haute, IN",5,2,10,6,5,5,6,6,115.0138,0.2343,0.145,0.9585,0.4726,42.2788,100,0,0,2.15,272.6391,0.004,0,5,5,0.1532,-0.0018,0.0926,0.4267,0.0305,88400,4353.177,7.8,29.75,13.6,0.1234,0.4467,0,7e-4,0.1878,0.1737
45500,"Texarkana, TX-AR",1,1,1,1,1,1,1,1,67.9738,0.2534,0.1373,0.9684,0.4734,16.1394,0,0,0,0.87,73.5974,9e-4,0.239,0,0,0,0.0081,0.1066,0.0822,0.0369,104200,3946.4763,10.1933,31.9333,18.4,0.1792,0.4834,0,0.0014,0.239,0.1454
45780,"Toledo, OH",2,2,2,2,2,2,2,2,448.9034,0.2589,0.1264,0.944,0.5119,49.8058,130,0,0,1.98,534.0223,0.0175,0.3799,1,4,0.2502,-0.0022,0.0633,0.3268,0.0358,120500,5100.6859,7.3433,29.6333,12.1667,0.125,0.4775,0,0,0.1587,0.2161
45820,"Topeka, KS",3,3,4,4,4,4,9,4,69.4227,0.2581,0.1394,0.9564,0.5413,28.5023,90,0,1,0.52,421.717,0.0015,0.033,3,0,0,0.0163,0.0706,0.1815,0.0235,126500,5504.6274,6.554,29.1,12.08,0.0914,0.4222,0,3e-4,0.1198,0.2364
45940,"Trenton, NJ",13,11,21,17,13,11,21,17,1583.9702,0.2404,0.1258,0.9516,0.5351,92.4559,120,0.2762,1,0.25,29177.6847,0.0044,0.0256,9,6,0.3367,0.0321,0.0561,0.5101,0.0423,281900,2551.5517,9.16,22.2,13.9,0.0865,0.4966,0,0,0.1817,0.3396
46060,"Tucson, AZ",3,3,4,4,4,4,4,4,100.0909,0.2464,0.1416,0.9431,0.4798,62.057,50,0.1087,0,0.67,235.8481,5e-4,2.2279,7,0,0,0.0907,0.0938,0.0433,0.0104,166300,5330.0127,7.48,21.2,19.4,0.1466,0.4725,0,1e-4,0.1657,0.2675
46140,"Tulsa, OK",6,5,7,7,4,4,4,4,136.6957,0.2671,0.1204,0.9509,0.5016,21.3649,90,0,0,1.18,2217.6556,0.0023,1.7711,2,1,0.0029,0.0271,0.0791,0.0945,0.0261,139100,4183.8976,7.7657,30.8571,20.7714,0.1177,0.4671,0,5e-4,0.1678,0.2245
46220,"Tuscaloosa, AL",1,1,3,3,1,1,1,1,73.3235,0.243,0.1191,0.9475,0.4697,24.9995,50,0,0,1.99,162.3912,7e-4,0,5,0,0,0.047,0.1092,0.0533,0.0377,152300,3951.1633,11.2967,35.3667,15.4333,0.1872,0.4675,0.0383,0,0.2336,0.211
46340,"Tyler, TX",6,5,7,7,4,4,4,4,201.3734,0.2661,0.1408,0.9633,0.4983,18.3486,50,0,0,1.36,606.6174,0.0011,0.4494,0,0,0,0.0953,0.0838,0.0686,0.0071,144800,3918.7508,7.84,26.7,24.8,0.1378,0.4667,0,0,0.1979,0.2255
46520,"Urban Honolulu, HI",11,8,16,15,11,9,17,14,1480.3231,0.2383,0.1344,0.9497,0.4784,97.6027,100,0.1089,1,0.15,984.4076,0.0064,10.6563,1,0,0,0.048,0.0935,0.0614,0.0282,626400,4615.9744,8.24,20.5,8.9,0.099,0.4299,0,0.0064,0.1515,0.2787
46540,"Utica-Rome, NY",5,2,6,6,5,5,12,11,110.1475,0.2399,0.1654,0.9606,0.4786,60.8669,110,0,0,0.91,93.0115,4e-4,0,6,8,0.3883,-0.0044,0.1379,0.5346,0.0354,114600,2385.6732,7.5,24.45,15.3,0.1293,0.448,0,4e-4,0.2088,0.1774
46660,"Valdosta, GA",1,1,3,3,1,1,1,1,77.5409,0.2647,0.0991,0.9522,0.5128,17.8747,0,0,0,0.99,83.0193,6e-4,0.3338,3,0,0,0.0573,0.1141,0.061,0.0264,120200,4861.9187,10.66,30.2,18.9,0.1943,0.4992,0.0401,0,0.2503,0.1741
46700,"Vallejo-Fairfield, CA",3,3,19,4,6,4,18,15,458.936,0.2835,0.0949,0.9637,0.5108,66.2901,50,0,0,1.2,153.9063,0.0034,0,1,1,0.007,0.0346,0.0306,0.1158,0.0134,342000,3347.0446,6.98,25.1,15.7,0.0828,0.4267,0,0.0022,0.1624,0.2139
47020,"Victoria, TX",1,1,1,1,1,1,1,1,52.2854,0.2889,0.1238,0.9664,0.5168,32.1317,30,0,0,2.53,869.3297,6e-4,0.1194,1,0,0,0.0056,0.1005,0.0557,0.0153,129200,5232.5645,7.305,26.8,23.7,0.1321,0.4555,0.0382,0,0.2407,0.1593
47220,"Vineland-Bridgeton, NJ",4,4,5,5,2,2,5,5,303.4907,0.2541,0.1303,0.9716,0.4544,44.878,30,0,0,1.19,288.9975,0.014,0,0,0,0,0.0381,0.0704,0.1579,0.0561,160500,3930.3522,8.95,27.2,16.1,0.1505,0.451,0,0.01,0.3149,0.1175
47260,"Virginia Beach-Norfolk-Newport News, VA-NC",4,4,5,5,3,3,3,3,564.5512,0.2639,0.1032,0.9471,0.4805,57.9041,40,0,0,0.77,164.2516,0.0058,1.4963,40,0,0,0.0436,0.0676,0.0126,0.0308,236600,3725.5013,8.6862,28.4812,15.325,0.1067,0.4355,0.0189,0.0048,0.1544,0.237
47300,"Visalia-Porterville, CA",8,7,13,12,7,1,10,9,84.3293,0.3376,0.0976,0.9779,0.4493,36.8581,20,0,0,0.8,41.4948,0,0.0098,0,0,0,0.1086,0.0773,0.0347,0.012,180200,4968.5026,5.97,28.2,18.8,0.2391,0.4682,0,2e-4,0.3832,0.115
47380,"Waco, TX",1,1,1,1,1,1,1,1,131.181,0.267,0.1318,0.9628,0.4954,41.6546,80,0,0,1.82,509.5218,0.0011,0.2977,0,0,0,0.0374,0.0768,0.0941,0.0274,120700,5188.883,8.77,30.3,24.35,0.1798,0.4775,0,0,0.2429,0.1827
47580,"Warner Robins, GA",3,3,9,9,1,1,1,1,206.7047,0.2749,0.0965,0.9589,0.4839,10.2858,0,0,0,0.92,11.1097,0,0,2,0,0,0.1238,0.0833,0.0038,0.0209,133600,2916.3346,9.6733,30.9,19.2333,0.122,0.4424,0,0.0026,0.182,0.1879
47900,"Washington-Arlington-Alexandria, DC-VA-MD-WV",9,8,14,13,12,10,20,16,824.0305,0.2529,0.0904,0.9222,0.5508,84.1825,160,0.0379,0,0.19,1965.2778,0.002,4.1066,222,6,0.2499,0.0902,0.0477,0.3459,0.0278,397900,3013.5144,7.4129,26.1875,15.4667,0.0737,0.4424,0.0133,0.0016,0.1315,0.4227
47940,"Waterloo-Cedar Falls, IA",4,4,11,10,5,5,16,11,108.0167,0.2339,0.1467,0.9583,0.5642,60.0401,70,0,0,2.57,424.9609,0.002,0.2459,0,3,0.0997,-0.0027,0.0433,0.2487,0.0179,141300,2852.5052,6.7833,27.0333,11.1667,0.1134,0.4507,0,7e-4,0.1336,0.2228
48140,"Wausau, WI",4,4,11,10,5,5,16,11,81.9916,0.2679,0.1297,0.9513,0.5767,33.6976,0,0,0,2.01,1087.9527,0.0013,1.2683,0,0,0,0.0248,0.0528,0.3123,0.0139,147600,1882.7835,6.53,27.1,10.7,0.0658,0.441,0,0.0019,0.1621,0.183
48260,"Weirton-Steubenville, WV-OH",5,2,10,6,5,5,6,6,215.7396,0.2108,0.1851,0.9712,0.4514,54.6197,0,0,0,1.72,73.8469,0.0034,0,1,5,0.2998,-0.0344,0.0791,0.1471,0.0322,89400,1801.2929,7.9633,31.5667,14.6667,0.1346,0.4363,0,0.0017,0.1841,0.1207
48300,"Wenatchee, WA",3,3,4,4,4,4,9,4,21.4054,0.2846,0.1349,0.9696,0.5748,64.6989,0,0,0,0.43,79.5839,4e-4,0.3775,0,0,0,0.0418,0.1523,0.1817,0.0097,245800,4115.3537,5.2,23.7,16.85,0.1308,0.4319,0,0,0.2113,0.2004
48540,"Wheeling, WV-OH",5,2,6,6,5,5,6,6,155.4476,0.2187,0.1792,0.969,0.4584,48.7659,90,0,0,0.82,230.5741,0,0,0,8,0.538,-0.0244,0.1007,0.4942,0.0471,101400,1844.2431,8.65,30.4667,16,0.1542,0.4676,0,0.0021,0.1875,0.1464
48620,"Wichita, KS",4,4,11,10,4,4,4,4,118.1831,0.281,0.1212,0.9502,0.5226,20.6293,100,0,0,2.79,438.1997,0.0024,1.2049,1,0,0,0.0283,0.0767,0.1201,0.0182,129300,3806.4971,7.41,28.48,12.08,0.0916,0.4468,0,0.001,0.1462,0.2419
48660,"Wichita Falls, TX",1,1,1,1,1,1,1,1,56.494,0.2531,0.1301,0.962,0.4912,55.8272,60,0,0,1.5,1457.2827,0,0.3208,0,0,0,-0.0025,0.0974,0.1168,0.0298,94500,5689.6369,7.1933,26.9333,22.7,0.127,0.4587,0.0191,0,0.2,0.1924
48700,"Williamsport, PA",5,2,6,6,5,5,12,11,94.6224,0.2331,0.1604,0.9622,0.5045,68.4582,0,0,0,1.9,43.4366,8e-4,0.2622,1,8,0.3575,-0.0209,0.1041,0.5888,0.0211,147400,2171.3605,6.86,25.7,10.9,0.1154,0.4285,0,8e-4,0.1942,0.1506
48900,"Wilmington, NC",6,5,7,7,4,4,4,4,209.4856,0.2141,0.1308,0.9316,0.5189,24.3729,20,0,0,1.01,420.4829,0.0018,1.4704,3,0,0,0.1465,0.1611,0.1178,0.0205,213500,6468.6852,8.97,26.25,19.65,0.1316,0.4901,0,9e-4,0.1569,0.2731
49020,"Winchester, VA-WV",1,1,1,1,1,1,1,1,110.3172,0.2505,0.1231,0.9542,0.5212,37.8407,0,0,0,1.7,229.5761,0,0,11,0,0,0.1442,0.1117,0.2077,0.0049,216500,2436.2097,7.68,28.6667,17.2333,0.0986,0.4202,0,9e-4,0.2361,0.1826
49180,"Winston-Salem, NC",6,5,7,7,4,4,4,4,295.5477,0.2409,0.1275,0.952,0.5132,30.8702,80,0,0,2.36,3061.6492,0.0039,0,24,0,0,0.059,0.0722,0.088,0.0194,145000,3238.0289,8.944,28.44,18.32,0.1041,0.4765,0,0,0.222,0.2109
49340,"Worcester, MA-CT",2,2,2,2,3,3,3,3,427.6937,0.2556,0.1295,0.9501,0.5123,58.9911,130,0,0,1.38,722.0529,0.0081,0,38,6,0.1103,0.0428,0.0498,0.4326,0.0388,250400,1593.5984,7.46,25.3,10.3,0.0915,0.4511,0,0.0029,0.1703,0.2592
49420,"Yakima, WA",8,7,13,12,7,1,10,9,53.162,0.3179,0.112,0.9717,0.5143,42.7027,20,0,0,0.83,62.8987,2e-4,0.2542,2,0,0,0.0269,0.0654,0.1546,0.0158,163500,7132.6071,6.4,29.2,16.9,0.1967,0.4435,0,7e-4,0.3134,0.153
49620,"York-Hanover, PA",5,2,6,6,5,5,16,11,449.6728,0.2462,0.1349,0.9577,0.5352,34.5427,80,0,0,1.83,357.5716,0.0099,0,4,6,0.2708,0.0716,0.0542,0.5789,0.0127,170300,2437.7484,8.12,28.7,11.5,0.0675,0.4156,0,0.0055,0.193,0.1838
49660,"Youngstown-Warren-Boardman, OH-PA",5,2,6,6,5,5,6,6,335.3684,0.2391,0.1707,0.9645,0.4814,28.1454,100,0,0,2.09,456.4158,0.004,0,4,8,0.606,-0.0311,0.0717,0.3621,0.0319,103100,3606.6769,8.6333,28.4667,11.0667,0.1149,0.4532,0,0.0023,0.1744,0.1631
49700,"Yuba City, CA",8,7,13,12,7,1,10,9,123.8966,0.2987,0.1162,0.9688,0.4236,45.5401,0,0,0,0.49,0.6335,8e-4,0,0,0,0,0.1143,0.0665,0.0537,0.0194,223700,3789.7697,6.32,25.95,18.45,0.1781,0.4403,0,0,0.2751,0.1322
49740,"Yuma, AZ",8,7,13,12,9,7,13,12,32.3816,0.2891,0.1653,0.9781,0.4254,52.8972,20,0,0,0.45,33.7139,4e-4,0.3681,0,0,0,0.1174,0.2737,0.0247,0.0084,117000,3817.3318,5.8,25.7,19.7,0.1923,0.4443,0,2e-4,0.3419,0.1184
