cbsa_fips,cbsa,city_fips,city,pop_1790,pop_1800,pop_1810,pop_1820,pop_1830,pop_1840,pop_1850,pop_1860,pop_1870,pop_1880,pop_1890,pop_1900,pop_1910,pop_1920,pop_1930,pop_1940,pop_1950,pop_1960,pop_1970,pop_1980,pop_1990,pop_2000,pop_2010
10180,"Abilene, TX",4801000,Abilene city,0,0,0,0,0,0,0,0,0,0,3194,3411,9204,10274,23175,26612,45570,90368,89653,98315,106707,115930,117063
10420,"Akron, OH",3901000,Akron city,0,0,0,0,0,1664,3266,3477,10006,16512,27601,42728,69067,208435,255040,244791,274605,290351,275425,237177,223019,217074,199110
10500,"Albany, GA",1301052,Albany city,0,0,0,0,0,0,0,1618,2101,3216,4008,4606,8190,11555,14507,19055,31155,55890,72623,74425,78122,76939,77434
10540,"Albany, OR",4101000,Albany city,0,0,0,0,0,0,0,0,1292,1867,3079,3149,4275,4840,5325,5654,10115,12926,18181,26511,29462,40852,50158
10580,"Albany-Schenectady-Troy, NY",3601000,Albany city,3498,5349,10762,12630,24209,33721,50763,62367,69422,90758,94923,94151,101253,113344,127412,130577,134995,129726,115781,101727,101082,95658,97856
10740,"Albuquerque, NM",3502000,Albuquerque city,0,0,0,0,0,0,0,0,0,2315,3785,6238,11020,15157,26570,35449,96815,201189,244501,332920,384736,448607,545852
10780,"Alexandria, LA",2200975,Alexandria city,0,0,0,0,0,814,672,1461,1218,1800,2861,5648,11213,17510,23025,27066,34913,40279,41811,51648,49188,46342,47723
10900,"Allentown-Bethlehem-Easton, PA-NJ",4202000,Allentown city,486,573,710,1132,1757,2500,3779,8025,13884,18063,25288,35416,51913,73502,92563,96904,106756,108347,109871,103758,105090,106632,118032
11020,"Altoona, PA",4202184,Altoona city,0,0,0,0,0,0,0,3591,10610,19710,30337,38973,52127,60331,82054,80214,77177,69407,63115,57078,51881,49523,46320
11100,"Amarillo, TX",4803000,Amarillo city,0,0,0,0,0,0,0,0,0,0,500,1442,9957,15494,43132,51686,74246,137969,127010,149230,157615,173627,190695
11180,"Ames, IA",1901855,Ames city,0,0,0,0,0,0,0,0,636,1153,1276,2422,4223,6270,10261,12555,22898,27003,39505,45775,47198,50731,58965
11260,"Anchorage, AK",203000,Anchorage municipality,0,0,0,0,0,0,0,0,0,0,0,0,0,1900,2300,3495,11254,44237,48081,174431,226338,260283,291826
11460,"Ann Arbor, MI",2603000,Ann Arbor city,0,0,0,0,0,0,0,5097,7363,8061,9431,14509,14817,19516,26944,29815,48251,67340,100035,107969,109592,114024,113934
11500,"Anniston-Oxford-Jacksonville, AL",101852,Anniston city,0,0,0,0,0,0,0,0,0,942,9998,9695,12794,17734,22345,25523,31066,33320,31533,29135,26623,24276,23106
11540,"Appleton, WI",5502375,Appleton city,0,0,0,0,0,0,0,2345,2345,4518,8005,11869,15085,16773,19561,25267,34010,48411,56377,58913,65695,70087,72623
11700,"Asheville, NC",3702140,Asheville city,0,38,0,0,0,0,0,502,1400,2616,10235,14694,18762,28504,50193,51310,53000,60186,57929,54022,61607,68889,83393
12020,"Athens-Clarke County, GA",1303440,Athens-Clarke County (balance),0,0,273,0,0,0,1661,3848,4251,6099,8639,10245,14913,16748,18192,20650,28180,31355,44342,42549,45734,100266,115452
12060,"Atlanta-Sandy Springs-Roswell, GA",1304000,Atlanta city,0,0,0,0,0,0,2572,9554,21789,37409,65533,89872,154839,200616,270366,302288,331314,487455,495039,425022,394017,416474,420003
12100,"Atlantic City-Hammonton, NJ",3402080,Atlantic City city,0,0,0,0,0,0,0,687,1043,5477,13055,27838,46150,50707,66198,64094,61657,59544,47859,40199,37986,40517,39558
12220,"Auburn-Opelika, AL",103076,Auburn city,0,0,0,0,0,0,0,0,1018,1161,1440,1447,1408,2143,2800,4652,12939,16261,22767,28471,33830,42987,53380
12260,"Augusta-Richmond County, GA-SC",1304204,Augusta-Richmond County (balance),0,2215,2476,0,6710,6403,9448,12493,15389,21891,33300,39441,41040,52548,60342,65919,71508,70626,59864,47532,44639,195182,195844
12420,"Austin-Round Rock, TX",4805000,Austin city,0,0,0,0,0,0,629,3494,4428,11013,14575,22258,29860,34876,53120,87930,132459,186545,253539,345890,465622,656562,790390
12540,"Bakersfield, CA",603526,Bakersfield city,0,0,0,0,0,0,0,0,0,801,2626,4836,12727,18638,26015,29252,34784,56848,69515,105611,174820,247057,347483
12580,"Baltimore-Columbia-Towson, MD",2404000,Baltimore city,13503,26514,46555,62738,80620,102313,169054,212418,267354,332313,434439,508957,558485,733826,804874,859100,949708,939024,905787,786741,736014,651154,620961
12620,"Bangor, ME",2302795,Bangor city,0,277,850,1221,2867,8627,14432,16407,18289,16856,19103,21850,24803,25978,28749,29822,31558,38912,33168,31643,33181,31473,33039
12700,"Barnstable Town, MA",2503690,Barnstable Town city,0,0,0,0,0,4301,4901,5129,4793,4242,4023,4364,4676,4836,7271,8333,10480,13465,19842,30898,40949,47821,45193
12940,"Baton Rouge, LA",2205000,Baton Rouge city,0,0,469,0,0,2300,3905,5428,6498,7197,10478,11269,14897,21782,30729,34719,125629,152419,165921,220394,219531,227818,229493
12980,"Battle Creek, MI",2605920,Battle Creek city,0,0,0,0,0,993,1064,3509,5838,7063,13197,18563,25267,36164,43573,43453,48666,44169,38931,35724,53540,53364,52347
13020,"Bay City, MI",2606020,Bay City city,0,0,0,0,0,0,0,1583,7064,20693,27839,27628,45166,47554,47355,47956,52523,53604,49449,41593,38936,36817,34932
13140,"Beaumont-Port Arthur, TX",4807000,Beaumont city,0,0,0,0,0,0,0,0,0,0,3296,9427,20640,40422,57732,59061,94014,119175,117548,118067,114323,113866,118296
13220,"Beckley, WV",5405332,Beckley city,0,0,0,0,0,0,0,0,0,144,158,342,2161,4149,9357,12852,19397,18642,19884,20492,18296,17254,17614
13380,"Bellingham, WA",5305280,Bellingham city,0,0,0,0,0,0,0,0,0,0,8155,11062,24298,25585,30823,29314,34112,34688,39375,45794,52179,67171,80885
13460,"Bend-Redmond, OR",4105800,Bend city,0,0,0,0,0,0,0,0,0,0,0,0,536,5415,8848,10021,11409,11936,13710,17263,20469,52029,76639
13740,"Billings, MT",3006550,Billings city,0,0,0,0,0,0,0,0,145,587,836,3211,10031,15100,16386,23261,31834,52851,61581,66818,81151,89847,104170
13780,"Binghamton, NY",3606607,Binghamton city,0,0,0,0,1203,2800,6000,8325,12692,17317,35005,39647,48443,66800,76662,78309,80674,75941,64123,55860,53008,47380,47376
13820,"Birmingham-Hoover, AL",107000,Birmingham city,0,0,0,0,0,0,0,0,0,3086,26178,38415,132685,178806,259678,267583,326037,340887,300910,284413,265968,242820,212237
13900,"Bismarck, ND",3807200,Bismarck city,0,0,0,0,0,0,0,0,0,1758,2186,3319,4913,7122,11090,15496,18640,27670,34703,44485,49256,55532,61272
13980,"Blacksburg-Christiansburg-Radford, VA",5107784,Blacksburg town,0,0,0,0,0,0,0,0,0,688,0,768,875,1095,1406,2133,3358,7070,9384,30638,34590,39573,42620
14010,"Bloomington, IL",1706613,Bloomington city,0,0,0,0,0,0,1594,7075,14590,17180,20000,23286,25768,28725,30930,32868,34163,36274,39992,44189,51976,64808,76610
14020,"Bloomington, IN",1805860,Bloomington city,0,0,0,0,0,0,1305,2419,1032,2756,4018,6460,8838,11595,18227,20870,26163,31357,43262,52044,60633,69291,80405
14100,"Bloomsburg-Berwick, PA",4207128,Bloomsburg town,0,0,0,1626,2090,1774,3122,2668,3341,3702,4635,6170,7413,7819,9093,9799,10633,10655,11652,11717,12439,12375,14855
14260,"Boise City, ID",1608830,Boise City city,0,0,0,0,0,0,0,0,995,1899,2311,5957,17358,21393,21544,26130,34393,34481,74990,102249,125738,185787,205671
14460,"Boston-Cambridge-Newton, MA-NH",2507000,Boston city,18320,24937,33787,43298,61392,93383,136881,177840,250526,362839,448477,560892,670585,748060,781188,770816,801444,697197,641071,562994,574283,589141,617594
14500,"Boulder, CO",807850,Boulder city,0,0,0,0,0,0,0,0,343,3069,3330,6150,9539,11006,11223,12958,19999,37718,66870,76685,83312,94673,97385
14540,"Bowling Green, KY",2108902,Bowling Green city,0,41,154,0,821,0,0,0,4574,5114,7803,8226,9173,9638,12348,14585,18347,28338,36705,40450,40641,49296,58067
14740,"Bremerton-Silverdale, WA",5307695,Bremerton city,0,0,0,0,0,0,0,0,0,0,0,0,2993,8918,10170,15134,27678,28922,35307,36208,38142,37259,37729
14860,"Bridgeport-Stamford-Norwalk, CT",908000,Bridgeport city,0,0,1089,1500,2800,3294,6080,12106,18969,27643,48866,70996,102054,143555,146716,147121,158709,156748,156542,142546,141686,139529,144229
15180,"Brownsville-Harlingen, TX",4810768,Brownsville city,0,0,0,0,0,0,2734,2734,4905,4938,6134,6305,10517,11791,22021,22083,35086,48040,52522,84997,98962,139722,175023
15260,"Brunswick, GA",1311560,Brunswick city,0,0,36,0,0,0,0,825,2348,2891,8459,9081,10182,14413,14022,15035,17954,21703,19585,17605,16433,15600,15383
15380,"Buffalo-Cheektowaga-Niagara Falls, NY",3611000,Buffalo city,0,0,1508,2100,8668,18213,42261,81129,117714,155134,255664,352387,423715,506775,573076,575901,580132,532759,462768,357870,328123,292648,261310
15500,"Burlington, NC",3709060,Burlington city,0,0,0,0,0,0,0,0,0,817,1716,3692,4808,5952,9737,12198,24560,33199,35930,37266,39498,44917,49963
15540,"Burlington-South Burlington, VT",5010675,Burlington city,330,816,1690,2111,3526,4271,6110,7713,13596,11365,14590,18640,20468,22779,24789,27686,33155,35531,38633,37712,39127,38889,42417
15940,"Canton-Massillon, OH",3912000,Canton city,0,0,0,0,1257,0,2603,4041,8660,12258,26189,30667,50217,87091,104906,108401,116912,113631,110053,94730,84161,80806,73007
15980,"Cape Coral-Fort Myers, FL",1210275,Cape Coral city,0,0,0,0,0,0,0,0,0,0,0,0,0,0,0,0,0,1500,10200,32103,74991,102286,154305
16020,"Cape Girardeau, MO-IL",2911242,Cape Girardeau city,0,0,0,0,0,0,0,2663,3585,3889,4297,4815,8475,10252,16227,19426,21578,24947,31282,34361,34438,35349,37941
16060,"Carbondale-Marion, IL",1711163,Carbondale city,0,0,0,0,0,0,0,0,0,2213,2832,3318,5411,6267,7528,8550,10921,14670,22816,26414,27033,25597,25902
16180,"Carson City, NV",3209700,Carson City,0,0,0,0,0,0,714,714,3042,4229,3950,2100,2466,1700,1600,2500,3082,5163,15468,32022,40443,52457,55274
16220,"Casper, WY",5613150,Casper city,0,0,0,0,0,0,0,0,0,40,544,883,2639,11447,16619,17964,23673,38930,39361,51016,46742,49644,55316
16300,"Cedar Rapids, IA",1912000,Cedar Rapids city,0,0,0,0,0,0,0,1830,5940,10104,18020,25656,32811,45566,56097,62120,72296,92035,110642,110243,108772,120758,126326
16540,"Chambersburg-Waynesboro, PA",4212536,Chambersburg borough,0,0,1304,0,2783,3239,3335,5255,6308,6877,7863,8864,11800,13171,13788,14852,17212,17670,17315,16174,16647,17862,20268
16580,"Champaign-Urbana, IL",1712385,Champaign city,0,0,0,0,0,0,0,1727,4625,5103,5839,9098,12421,15873,20348,23302,39563,49583,56837,58267,63502,67518,81055
16620,"Charleston, WV",5414600,Charleston city,0,0,0,0,0,0,1050,1520,3162,4192,6742,11099,22996,39608,60408,67914,73501,85796,71505,63968,57287,53421,51400
16700,"Charleston-North Charleston, SC",4513330,Charleston city,16359,18824,24711,24780,30289,29261,42985,40522,48956,49984,54955,55807,58833,67957,62265,71275,70174,65925,66945,69779,80414,96650,120083
16740,"Charlotte-Concord-Gastonia, NC-SC",3712000,Charlotte city,0,0,0,0,0,0,1100,2300,4473,7094,11557,18091,34014,46338,82675,100899,134042,201564,241420,315474,395934,540828,731424
16820,"Charlottesville, VA",5114968,Charlottesville city,0,0,0,0,0,0,0,0,2838,2676,5591,6449,6765,10688,15245,19400,25969,29427,38880,39916,40341,40099,43475
16860,"Chattanooga, TN-GA",4714000,Chattanooga city,0,0,0,0,0,0,0,0,6093,12892,29100,30154,44604,57895,119798,128163,131041,130009,119923,169514,152466,155554,167674
16940,"Cheyenne, WY",5613900,Cheyenne city,0,0,0,0,0,0,0,0,1450,3456,11690,14087,11320,13829,17361,22474,31935,43505,41254,47283,50008,53011,59466
16980,"Chicago-Naperville-Elgin, IL-IN-WI",1714000,Chicago city,0,0,0,0,0,4470,29963,112172,298977,503185,1099850,1698575,2185283,2701705,3376438,3396808,3620962,3550404,3366957,3005072,2783726,2896016,2695598
17020,"Chico, CA",613014,Chico city,0,0,0,0,0,0,0,0,0,3300,2894,2640,3750,9339,7961,9287,12272,14757,19580,26716,40079,59954,86187
17140,"Cincinnati, OH-KY-IN",3915000,Cincinnati city,0,850,2540,9642,24831,46338,115435,161044,216239,255139,296908,325902,363591,401247,451160,455610,503998,502550,452525,385460,364040,331285,296945
17300,"Clarksville, TN-KY",4715160,Clarksville city,0,0,0,0,0,0,0,0,3200,3880,7924,9431,8548,8110,9242,11831,16246,22021,31719,54777,75494,103455,132929
17420,"Cleveland, TN",4715400,Cleveland city,0,0,0,0,0,0,0,806,1658,1874,2863,3858,5549,6522,9136,11351,12605,16196,21446,26415,30354,37192,41285
17460,"Cleveland-Elyria, OH",3916000,Cleveland city,0,0,0,606,1100,6071,17034,43417,92829,160146,261353,381768,560653,796841,900429,878336,914808,876050,750879,573822,505616,478403,396815
17660,"Coeur d'Alene, ID",1616750,Coeur d'Alene city,0,0,0,0,0,0,0,0,0,0,491,508,7291,6447,8297,10049,12198,14291,16228,19913,24563,34514,44137
17780,"College Station-Bryan, TX",4815976,College Station city,0,0,0,0,0,0,0,0,0,0,0,0,0,0,0,2200,7925,11396,17676,37272,52456,67890,93857
17820,"Colorado Springs, CO",816000,Colorado Springs city,0,0,0,0,0,0,0,0,0,4226,11140,21085,29078,30105,33237,36789,45472,70194,135517,215105,281140,360890,416427
17860,"Columbia, MO",2915670,Columbia city,0,0,0,0,600,750,651,1414,2236,3326,4000,5651,9662,10392,14967,18399,31974,36650,58521,62061,69101,84531,108500
17900,"Columbia, SC",4516000,Columbia city,0,0,0,0,3310,4340,6060,8052,9298,10036,15353,21108,26319,37524,51581,62396,86914,97433,112542,101208,98052,116278,129272
17980,"Columbus, GA-AL",1319000,Columbus city (balance),0,0,0,0,1152,3114,5942,9621,7401,10123,17303,17614,20554,31125,43131,53280,79611,116779,155028,169441,178681,185781,189885
18020,"Columbus, IN",1814734,Columbus city,0,0,0,0,0,0,1008,1840,3359,4813,6719,8130,8813,8990,9935,11738,18370,20778,26457,30614,31802,39059,44061
18140,"Columbus, OH",3918000,Columbus city,0,0,0,0,2435,6048,17882,18554,31274,51647,88150,125560,181511,237031,290564,306087,375901,471316,539677,565021,632910,711470,787033
18580,"Corpus Christi, TX",4817000,Corpus Christi city,0,0,0,0,0,0,0,200,2140,3257,4387,4703,8222,10522,27741,57301,108287,167690,204525,231999,257453,277454,305215
18700,"Corvallis, OR",4115800,Corvallis city,0,0,0,0,0,0,0,0,0,1128,1527,1819,4552,5752,7585,8392,16207,20669,35056,40960,44757,49399,54462
18880,"Crestview-Fort Walton Beach-Destin, FL",1224475,Fort Walton Beach city,0,0,0,0,0,0,0,0,0,0,0,0,0,0,0,0,2463,12147,19994,20829,21471,19973,19507
19060,"Cumberland, MD-WV",2421325,Cumberland city,0,0,0,0,0,2428,6073,4078,8056,10693,12729,17128,21839,29837,37747,39483,37679,33415,29724,25933,23706,21518,20859
19100,"Dallas-Fort Worth-Arlington, TX",4819000,Dallas city,0,0,0,0,0,0,1073,698,3000,10358,38067,42639,92104,158976,260475,294734,434462,679684,844401,904599,1006977,1188580,1197816
19140,"Dalton, GA",1321380,Dalton city,0,0,0,0,0,0,0,1649,1809,2516,3046,4315,5324,5222,8160,10448,15968,17868,18872,20581,21761,27912,33128
19180,"Danville, IL",1718563,Danville city,0,0,0,0,0,503,736,1632,4751,7733,11491,16354,27871,33776,36765,36919,37864,41856,42570,38985,33828,33904,33027
19300,"Daphne-Fairhope-Foley, AL",119648,Daphne city,0,0,0,0,0,0,0,0,0,0,549,0,0,0,582,630,1041,1527,2382,3406,11290,16581,21570
19340,"Davenport-Moline-Rock Island, IA-IL",1919000,Davenport city,0,0,0,0,0,0,1848,11267,20038,21831,26872,35254,43028,56727,60751,66039,74549,88981,98469,103264,95333,98359,99685
19380,"Dayton, OH",3921000,Dayton city,0,0,400,1000,2950,6067,10977,20081,30473,38678,61220,85333,116577,152559,200982,210718,243872,262332,243023,193536,182044,166179,141759
19460,"Decatur, AL",120104,Decatur city,0,0,0,0,0,0,606,0,671,1063,2765,3114,4228,4752,15593,16604,19974,29217,38044,42002,48761,53929,55683
19500,"Decatur, IL",1718823,Decatur city,0,0,0,0,0,0,0,3839,7161,9547,16841,20754,31140,43818,57510,59305,66269,78004,90397,93939,83885,81860,76122
19660,"Deltona-Daytona Beach-Ormond Beach, FL",1217200,Deltona city,0,0,0,0,0,0,0,0,0,0,0,0,0,0,0,0,0,0,0,4900,49400,69543,85182
19740,"Denver-Aurora-Lakewood, CO",820000,Denver city,0,0,0,0,0,0,0,4749,4759,35629,106713,133859,213381,256491,287861,322412,415765,493887,514678,492686,467610,554636,600158
19780,"Des Moines-West Des Moines, IA",1921000,Des Moines city,0,0,0,0,0,0,502,3965,12035,22408,50093,62139,86368,126468,142559,159819,177965,208982,201404,191003,193187,198682,203433
19820,"Detroit-Warren-Dearborn, MI",2622000,Detroit city,0,0,0,1422,2222,9102,21019,45619,79577,116340,205876,285704,465766,993678,1568662,1623452,1849568,1670144,1514063,1203368,1027974,951270,713777
20020,"Dothan, AL",121184,Dothan city,0,0,0,0,0,0,0,0,0,0,247,3275,7016,10034,16046,17194,21584,31440,36733,48750,53589,57737,65496
20100,"Dover, DE",1021200,Dover city,0,0,0,0,0,0,0,0,1906,2811,3061,3329,3720,4042,4800,5517,6223,7250,17488,23507,27630,32135,36047
20220,"Dubuque, IA",1922395,Dubuque city,0,0,0,0,0,0,3108,13000,18434,22254,30311,36297,38494,39141,41679,43892,49671,56606,62309,62374,57546,57686,57637
20260,"Duluth, MN-WI",2717000,Duluth city,0,0,0,0,0,0,0,80,3131,3483,33115,52969,78466,98917,101453,101065,104511,106884,100578,92811,85493,86918,86265
20500,"Durham-Chapel Hill, NC",3719000,Durham city,0,0,0,0,0,0,0,0,0,2041,5485,6679,18241,21719,52037,60195,71311,78302,95438,101149,136611,187035,228330
20700,"East Stroudsburg, PA",4221872,East Stroudsburg borough,0,0,0,0,0,0,0,0,0,1162,1819,2648,3330,4855,6099,6404,7274,7674,7894,8039,8781,9888,9840
20740,"Eau Claire, WI",5522300,Eau Claire city,0,0,0,0,0,0,0,0,2293,10119,17415,17517,18310,20906,26287,30745,36058,37987,44619,51509,56856,61704,65883
20940,"El Centro, CA",621782,El Centro city,0,0,0,0,0,0,0,0,0,0,0,0,1610,5464,8434,10017,12590,16811,19272,23996,31384,37835,42598
21060,"Elizabethtown-Fort Knox, KY",2124274,Elizabethtown city,0,0,181,0,601,979,0,556,1743,2526,2260,1900,1970,2530,2590,3667,5807,9641,11748,15380,18167,22542,28531
21140,"Elkhart-Goshen, IN",1820728,Elkhart city,0,0,0,0,0,0,0,1439,3265,6953,11360,15184,19282,24277,32949,33434,35646,40274,43152,41305,43627,51874,50949
21300,"Elmira, NY",3624229,Elmira city,0,0,0,0,0,0,0,0,15863,20541,30893,35672,37176,45393,47397,45106,49716,46517,39945,35327,33724,30940,29200
21340,"El Paso, TX",4824000,El Paso city,0,0,0,0,0,0,200,428,0,736,10338,15906,39279,77560,102421,96810,130485,276687,339615,425259,515342,563662,649121
21500,"Erie, PA",4224000,Erie city,0,100,400,635,1500,3412,5858,9419,19646,27737,40634,52733,66525,93372,115967,116955,130803,138440,129231,119123,108718,103717,101786
21660,"Eugene, OR",4123850,Eugene city,0,0,0,0,0,0,0,1183,861,1117,0,3236,9009,10593,18901,20838,35879,50977,79028,105664,112669,137893,156185
21780,"Evansville, IN-KY",1822000,Evansville city,0,0,0,993,1120,3317,3235,11484,21830,29280,50756,59097,69647,85246,102249,97962,128636,141543,138764,130496,126272,121582,117429
21820,"Fairbanks, AK",224230,Fairbanks city,0,0,0,0,0,0,0,0,0,0,0,3500,3541,1200,2101,3455,5771,13311,14771,22645,30843,30224,31535
22020,"Fargo, ND-MN",3825700,Fargo city,0,0,0,0,0,0,0,0,0,2693,5664,9589,14331,21961,28619,32580,38256,46662,53365,61383,74111,90599,105549
22140,"Farmington, NM",3525800,Farmington city,0,0,0,0,0,0,0,0,0,0,0,0,785,728,1350,2200,3637,23786,21979,31222,33997,37844,45877
22180,"Fayetteville, NC",3722920,Fayetteville city,1536,1656,0,3532,2868,4285,4646,4790,4660,3485,4222,4670,7045,8877,13049,17428,34715,47106,53510,59507,75695,121015,200564
22220,"Fayetteville-Springdale-Rogers, AR-MO",523290,Fayetteville city,0,0,0,0,0,425,598,972,955,1788,2942,4061,4471,5362,7394,8212,17071,20274,30729,36608,42099,58047,73580
22380,"Flagstaff, AZ",423620,Flagstaff city,0,0,0,0,0,0,0,0,0,0,964,1271,1633,3186,3891,5080,7663,18214,26117,34743,45857,52894,65870
22420,"Flint, MI",2629000,Flint city,0,0,0,0,0,0,1670,2950,5386,8409,9803,13103,38550,91599,156492,151543,163413,196940,193317,159611,140761,124943,102434
22500,"Florence, SC",4525810,Florence city,0,0,0,0,0,0,0,0,0,1914,3395,4647,7057,10968,14774,16054,22513,24722,25997,29842,29813,30248,37056
22520,"Florence-Muscle Shoals, AL",126896,Florence city,0,0,0,0,0,0,802,1395,2003,1359,6012,6478,6689,10529,11729,15043,23879,31649,34031,37029,36426,36264,39319
22540,"Fond du Lac, WI",5526275,Fond du Lac city,0,0,0,0,0,0,0,5460,12764,13094,12024,15110,18797,23427,26449,27209,29936,32719,35515,35863,37757,42203,43021
22660,"Fort Collins, CO",827425,Fort Collins city,0,0,0,0,0,0,0,0,0,1356,2011,3053,8210,8755,11489,12251,14937,25027,43337,65092,87758,118652,143986
22900,"Fort Smith, AR-OK",524550,Fort Smith city,0,0,0,0,0,144,964,1532,2227,3099,11311,11587,23975,28870,31429,36584,47942,52991,62802,71626,72798,80268,86209
23060,"Fort Wayne, IN",1825000,Fort Wayne city,0,0,0,0,0,0,4282,9121,17718,26880,35393,45115,63933,86549,114946,118410,133607,161776,178269,172391,173072,205727,253691
23420,"Fresno, CA",627000,Fresno city,0,0,0,0,0,0,0,0,0,1112,10818,12470,24892,45086,52513,60685,91669,133929,165655,217491,354202,427652,494665
23460,"Gadsden, AL",128696,Gadsden city,0,0,0,0,0,0,0,0,0,1697,2901,4282,10557,14737,24042,36975,55725,58088,53928,47565,42523,38978,36856
23540,"Gainesville, FL",1225175,Gainesville city,0,0,0,0,0,0,0,0,0,0,2790,3633,6183,6860,10465,13757,26861,29701,64510,81371,84770,95447,124354
23580,"Gainesville, GA",1331908,Gainesville city,0,0,0,0,0,0,0,344,472,1919,3202,4382,5925,6272,8624,10243,11936,16523,15459,15280,17885,25578,33804
23900,"Gettysburg, PA",4228960,Gettysburg borough,0,0,0,0,1473,1908,2180,2390,3074,2814,3221,3495,4030,4439,5584,5916,7046,7960,7275,7194,7025,7490,7620
24020,"Glens Falls, NY",3629333,Glens Falls city,0,0,0,0,0,0,2717,3780,4500,4900,9509,12613,15243,16638,18531,18836,19610,18580,17222,15897,15023,14354,14700
24140,"Goldsboro, NC",3726880,Goldsboro city,0,0,0,0,0,0,0,885,1134,3286,4017,5877,6107,11296,14985,17274,21454,28873,26960,31871,40709,39043,36437
24220,"Grand Forks, ND-MN",3832060,Grand Forks city,0,0,0,0,0,0,0,0,0,1705,4979,7682,12478,14010,17112,20228,26836,34451,39008,43765,49425,49321,52838
24260,"Grand Island, NE",3119595,Grand Island city,0,0,0,0,0,0,0,0,0,2963,7536,7554,10326,13947,18041,19130,22682,25742,32358,33180,39386,42940,48520
24300,"Grand Junction, CO",831660,Grand Junction city,0,0,0,0,0,0,0,0,0,0,2030,3503,7754,8665,10247,12479,14504,18694,20170,27956,29034,41986,58566
24340,"Grand Rapids-Wyoming, MI",2634000,Grand Rapids city,0,0,0,0,0,0,2686,8085,16507,32016,60278,87565,112571,137634,168592,164292,176515,177313,197649,181843,189126,197800,188040
24420,"Grants Pass, OR",4130550,Grants Pass city,0,0,0,0,0,0,0,0,0,250,1432,2300,3897,4200,4666,6028,8116,10118,12455,14977,17488,23938,34533
24500,"Great Falls, MT",3032800,Great Falls city,0,0,0,0,0,0,0,0,0,0,3979,14930,13948,24121,28822,29928,39214,55244,60091,56884,55097,56690,58505
24540,"Greeley, CO",832155,Greeley city,0,0,0,0,0,0,0,0,480,1297,2395,3023,8179,10958,12203,15995,20354,26314,38902,53006,60536,76930,92889
24580,"Green Bay, WI",5531000,Green Bay city,0,0,0,0,0,0,0,2276,4666,7464,9069,18684,25216,31017,37407,46205,52735,62888,87809,87899,96466,102313,104057
24660,"Greensboro-High Point, NC",3728000,Greensboro city,0,0,0,0,0,0,0,0,500,2105,3317,10035,15895,19861,53569,59319,74389,119574,144076,155642,183894,223891,269666
24780,"Greenville, NC",3728080,Greenville city,0,174,0,0,0,0,1893,828,601,912,1937,2565,4101,5772,9194,12674,16724,22860,29063,35740,44972,60476,84554
24860,"Greenville-Anderson-Mauldin, SC",4530850,Greenville city,0,0,0,0,0,0,1305,1518,2757,6160,8607,11860,15741,23127,29154,34734,58161,66188,61436,58242,58282,56002,58409
25060,"Gulfport-Biloxi-Pascagoula, MS",2829700,Gulfport city,0,0,0,0,0,0,0,0,0,0,0,1100,6386,8157,12547,15195,22659,30204,40791,39676,40775,71127,67793
25180,"Hagerstown-Martinsburg, MD-WV",2436075,Hagerstown city,0,0,0,2670,3371,3625,3879,4132,5779,6627,10118,13591,16507,28064,30851,32491,36260,36660,35862,34132,35445,36687,39662
25220,"Hammond, LA",2232755,Hammond city,0,0,0,0,0,0,0,0,0,277,692,1500,2942,3855,6072,6033,8010,10563,12487,15226,15871,17639,20019
25260,"Hanford-Corcoran, CA",631960,Hanford city,0,0,0,0,0,0,0,0,0,269,942,2929,4829,5888,7028,8234,10028,10133,15179,20958,30897,41686,53967
25420,"Harrisburg-Carlisle, PA",4232800,Harrisburg city,875,1472,2287,2990,4312,5980,7834,13405,23104,30762,39385,50167,64186,75917,80339,83893,89544,79697,68061,53264,52376,48950,49528
25500,"Harrisonburg, VA",5135624,Harrisonburg city,0,0,0,0,0,0,0,1023,2036,2831,2792,3521,4879,5875,7232,8768,10810,11916,14605,19671,30707,40468,48914
25540,"Hartford-West Hartford-East Hartford, CT",937000,Hartford city,2683,3523,3955,4726,7074,9468,13555,26917,37180,42015,53230,79850,98915,138036,164072,166267,177397,162178,158017,136392,139739,121578,124775
25620,"Hattiesburg, MS",2831020,Hattiesburg city,0,0,0,0,0,0,0,0,0,0,1172,4175,11733,13270,18601,21026,29474,34989,38277,40829,41882,44779,45989
25860,"Hickory-Lenoir-Morganton, NC",3731060,Hickory city,0,0,0,0,0,0,0,0,0,0,2023,2535,3716,5076,7363,13487,14755,19328,20569,20757,28301,37222,40010
25940,"Hilton Head Island-Bluffton-Beaufort, SC",4534045,Hilton Head Island town,0,0,0,0,0,0,0,0,0,0,0,0,0,0,0,0,0,300,0,11344,23694,33862,37099
25980,"Hinesville, GA",1338964,Hinesville city,0,0,0,0,0,0,0,0,0,162,0,0,174,315,416,630,1217,3174,4115,11309,21603,30392,33437
26300,"Hot Springs, AR",533400,Hot Springs city,0,0,0,0,0,0,0,201,1276,3554,8086,9973,14434,11695,20238,21370,29307,28337,35631,35781,32462,35750,35193
26380,"Houma-Thibodaux, LA",2236255,Houma city,0,0,0,0,0,0,0,429,593,1084,1280,3212,5024,5160,6531,9052,11505,22561,30922,32602,30495,32393,33727
26420,"Houston-The Woodlands-Sugar Land, TX",4835000,Houston city,0,0,0,0,0,0,2400,4845,9382,16513,27557,44633,78800,138276,292352,384514,596163,938219,1232802,1595138,1630553,1953631,2099451
26580,"Huntington-Ashland, WV-KY-OH",5439460,Huntington city,0,0,0,0,0,0,0,0,0,3174,10108,11923,31161,50177,75572,78836,86353,83627,74315,63684,54844,51475,49138
26620,"Huntsville, AL",137000,Huntsville city,0,0,0,0,0,2496,2863,3634,4007,4977,7995,8068,7611,8018,11554,13050,16437,72365,139282,142513,159789,158216,180105
26820,"Idaho Falls, ID",1639700,Idaho Falls city,0,0,0,0,0,0,0,0,0,0,0,1300,4827,8064,9429,15024,19218,33161,35776,39739,43929,50730,56813
26900,"Indianapolis-Carmel-Anderson, IN",1836003,Indianapolis city (balance),0,0,0,0,0,2695,8091,18611,48244,75056,105436,169164,233650,314194,364161,386972,427173,476258,736856,700807,731327,781870,820445
26980,"Iowa City, IA",1938595,Iowa City city,0,0,0,0,0,0,1250,5214,5914,7123,7016,7987,10091,11267,15340,17182,27212,33443,46850,50508,59735,62220,67862
27060,"Ithaca, NY",3638077,Ithaca city,0,0,0,0,0,0,0,0,8462,9105,11079,13136,14802,17004,20708,19730,29257,28732,26226,28732,29541,29287,30014
27100,"Jackson, MI",2641420,Jackson city,0,0,0,0,0,0,2363,4799,11447,16105,20798,25180,31433,48374,55187,49656,51088,50720,45484,39739,38303,36316,33534
27140,"Jackson, MS",2836000,Jackson city,0,0,0,0,645,0,1881,3191,4234,5204,5920,7816,21262,22817,48282,62107,98271,144422,153968,202895,196637,184286,173514
27180,"Jackson, TN",4737640,Jackson city,0,0,0,0,0,0,1006,2407,4119,5377,10039,14511,15779,18860,22172,24332,30207,34376,39996,49258,48949,59643,65211
27260,"Jacksonville, FL",1235000,Jacksonville city,0,0,0,0,0,0,1045,2118,6912,7650,17201,28429,57699,91558,129549,173065,204275,201030,504265,540920,635230,735617,821784
27340,"Jacksonville, NC",3734200,Jacksonville city,0,0,0,0,0,0,0,0,60,94,170,300,505,656,783,900,3960,13491,16289,18237,30013,66715,70145
27500,"Janesville-Beloit, WI",5537825,Janesville city,0,0,0,0,0,0,0,7703,8789,9018,10836,13185,13894,18293,21628,22992,24899,35164,46426,51071,52133,59498,63575
27620,"Jefferson City, MO",2937000,Jefferson City city,0,0,0,0,0,0,0,3082,4420,5271,6742,9664,11850,14490,21596,24268,25099,28228,32407,33619,35481,39636,43079
27740,"Johnson City, TN",4738320,Johnson City city,0,0,0,0,0,0,0,0,0,685,4161,4645,8502,12442,25080,25332,27864,31187,33770,39753,49381,55469,63152
27780,"Johnstown, PA",4238288,Johnstown city,0,0,0,0,0,949,1269,4185,6028,8380,21805,35936,55482,67327,66993,66668,63232,53949,42476,35496,28134,23906,20978
27860,"Jonesboro, AR",535710,Jonesboro city,0,0,0,0,0,0,0,0,155,0,2065,4508,7123,9384,10326,11729,16310,21418,27050,31530,46534,55515,67263
27900,"Joplin, MO",2937592,Joplin city,0,0,0,0,0,0,0,0,0,7038,9943,26023,32073,29902,33454,37144,38711,38958,39256,39126,40961,45504,50150
27980,"Kahului-Wailuku-Lahaina, HI",1522700,Kahului CDP,0,0,0,0,0,0,0,0,0,0,0,0,0,0,2400,0,6396,4223,8280,12978,16889,20146,26337
28020,"Kalamazoo-Portage, MI",2642160,Kalamazoo city,0,0,0,0,0,1290,2507,6070,9181,11937,17853,24404,39437,48487,54786,54097,57704,82089,85555,79722,80277,77145,74262
28100,"Kankakee, IL",1738934,Kankakee city,0,0,0,0,0,0,0,0,0,5651,9025,13595,13986,16753,20620,22241,25856,27666,27575,29633,27575,27491,27537
28140,"Kansas City, MO-KS",2938000,Kansas City city,0,0,0,0,0,0,0,4418,32260,55785,132716,163752,248381,324410,399746,400178,456622,473539,507087,448028,435146,441545,459787
28420,"Kennewick-Richland, WA",5335275,Kennewick city,0,0,0,0,0,0,0,0,0,0,0,183,1219,1684,1519,1918,10106,14244,15212,34397,42155,54693,73917
28660,"Killeen-Temple, TX",4839148,Killeen city,0,0,0,0,0,0,0,0,0,0,285,780,1265,1298,1260,1300,7045,23377,35507,46296,63535,86911,127921
28700,"Kingsport-Bristol-Bristol, TN-VA",4739560,Kingsport city,0,0,0,0,0,0,0,0,0,0,0,0,0,5692,11914,14404,19571,26314,31938,32027,36365,44905,48205
28740,"Kingston, NY",3639727,Kingston city,0,0,0,0,0,0,0,0,6315,18344,21261,24535,25908,26688,28088,28589,28817,29260,25544,24481,23095,23456,23893
28940,"Knoxville, TN",4740000,Knoxville city,0,0,0,0,0,0,2100,4000,8682,9693,22535,32637,36346,77818,105802,111580,124769,111827,174587,175045,165121,173890,178874
29020,"Kokomo, IN",1840392,Kokomo city,0,0,0,0,0,0,0,1040,2177,4042,8261,10609,17010,30067,32843,33795,38672,47197,44042,47808,44962,46113,45468
29100,"La Crosse-Onalaska, WI-MN",5540775,La Crosse city,0,0,0,0,0,0,0,3860,7785,14505,25000,28895,30417,30421,39614,42707,47535,47575,50286,48347,51003,51818,51320
29180,"Lafayette, LA",2240735,Lafayette city,0,0,0,0,0,0,0,498,777,815,2106,3314,6392,7855,14635,19210,33541,40400,68908,80584,94440,110257,120623
29200,"Lafayette-West Lafayette, IN",1840788,Lafayette city,0,0,0,0,0,0,6129,9387,13506,14860,16243,18116,20081,22486,26240,28798,35558,42330,44955,43011,43764,56397,67140
29340,"Lake Charles, LA",2241155,Lake Charles city,0,0,0,0,0,0,0,0,0,838,3442,6680,11449,13088,15791,21207,41272,63392,77998,75226,70580,71757,71993
29420,"Lake Havasu City-Kingman, AZ",439370,Lake Havasu City city,0,0,0,0,0,0,0,0,0,0,0,0,0,0,0,0,0,0,4111,15909,24363,41938,52527
29460,"Lakeland-Winter Haven, FL",1238250,Lakeland city,0,0,0,0,0,0,0,0,0,0,552,1180,3719,7062,18554,22068,30851,41350,42803,47406,70576,78452,97422
29540,"Lancaster, PA",4241216,Lancaster city,3762,4292,5405,6633,7704,8417,12369,17603,20233,25769,32011,41459,47227,53159,59949,61345,63774,61055,57690,54725,55551,56348,59322
29620,"Lansing-East Lansing, MI",2646000,Lansing city,0,0,0,0,0,0,1299,3074,5241,8319,13102,16485,31229,57327,78397,78753,92129,107807,131403,130414,127321,119128,114297
29700,"Laredo, TX",4841464,Laredo city,708,0,0,1430,2052,0,0,1256,2046,3521,11319,13429,14855,22710,32618,39274,51910,60678,69678,91449,122899,176576,236091
29740,"Las Cruces, NM",3539380,Las Cruces city,0,0,0,0,0,0,0,0,0,0,0,0,3836,3989,5811,8385,12325,29367,37857,45086,57866,74267,97618
29820,"Las Vegas-Henderson-Paradise, NV",3240000,Las Vegas city,0,0,0,0,0,0,0,0,0,0,0,25,800,2300,5165,8422,24624,64405,125787,164674,258295,478434,583756
29940,"Lawrence, KS",2038900,Lawrence city,0,0,0,0,0,0,0,1645,8320,8510,9997,10862,12374,12456,13726,14390,23351,32858,45698,52738,65608,80098,87643
30020,"Lawton, OK",4041850,Lawton city,0,0,0,0,0,0,0,0,0,0,0,0,7788,8930,12121,18055,34757,61697,74470,80054,80561,92757,96867
30140,"Lebanon, PA",4242168,Lebanon city,960,1439,1434,1437,1826,1860,2184,4449,6727,8778,14664,17628,19240,24643,25561,27206,28156,30045,28572,25711,24800,24461,25477
30300,"Lewiston, ID-WA",1646540,Lewiston city,0,0,0,0,0,0,0,0,0,739,849,2425,6043,6574,9403,10548,12985,12691,26068,27986,28082,30904,31894
30340,"Lewiston-Auburn, ME",2338740,Lewiston city,532,948,1038,1312,1549,1801,3584,7424,13600,19083,21701,23761,26247,31791,34948,38598,40974,40804,41779,40481,39757,35690,36592
30460,"Lexington-Fayette, KY",2146027,Lexington-Fayette,834,1800,4326,5270,6026,6997,8159,9321,14801,16656,21567,26369,35099,41534,45736,49304,55534,62810,108137,204165,225366,260512,295803
30620,"Lima, OH",3943554,Lima city,0,0,0,0,0,0,757,1989,4500,7567,15981,21723,30508,41326,42287,44711,50246,51037,53734,47827,45549,40081,38771
30700,"Lincoln, NE",3128000,Lincoln city,0,0,0,0,0,0,0,0,2441,13003,55154,40169,43973,54948,75933,81984,98884,128521,149518,171932,191972,225581,258379
30780,"Little Rock-North Little Rock-Conway, AR",541000,Little Rock city,0,0,0,0,0,0,2167,3727,12380,13138,25874,38307,45941,65142,81679,88039,102213,107813,132483,159151,175795,183133,193524
30860,"Logan, UT-ID",4945860,Logan city,0,0,0,0,0,0,0,0,1757,3396,4565,5451,7522,9439,9979,11868,16832,18731,22333,26844,32762,42670,48174
30980,"Longview, TX",4843888,Longview city,0,0,0,0,0,0,0,0,0,1525,2034,3591,5155,5713,5036,13758,24502,40050,45547,62762,70311,73344,80455
31020,"Longview, WA",5340245,Longview city,0,0,0,0,0,0,0,0,0,0,0,0,0,0,10652,12385,20339,23349,28373,31052,31499,34660,36648
31080,"Los Angeles-Long Beach-Anaheim, CA",644000,Los Angeles city,0,0,0,0,0,0,1610,4385,5728,11183,50395,102479,319198,576673,1238048,1504277,1970358,2479015,2811801,2968579,3485398,3694820,3792621
31140,"Louisville/Jefferson County, KY-IN",2148006,Louisville city,200,400,1400,4012,10341,21210,43194,68033,100753,123758,161129,204731,223928,234891,307745,319077,369129,390639,361706,298694,269063,256231,597337
31180,"Lubbock, TX",4845000,Lubbock city,0,0,0,0,0,0,0,0,0,0,0,0,1938,4051,20520,31853,71747,128691,149101,173979,186206,199564,229573
31340,"Lynchburg, VA",5147672,Lynchburg city,0,0,0,0,4630,6395,8071,6853,6825,15959,19709,18891,29494,30070,40661,44541,47727,54790,54083,66743,66049,65269,75568
31420,"Macon, GA",1349000,Macon city,0,0,0,0,0,3927,5720,8247,10810,12749,22746,23272,40665,52995,53829,57865,70252,69764,122423,116896,106612,97255,91351
31460,"Madera, CA",645022,Madera city,0,0,0,0,0,0,0,0,0,217,950,0,2404,3444,4665,6457,10497,14430,16044,21732,29281,43207,61416
31540,"Madison, WI",5548000,Madison city,0,0,0,0,0,1500,6600,6611,9176,10324,13426,19164,25531,38378,57899,67447,96056,126706,171809,170616,191262,208054,233209
31700,"Manchester-Nashua, NH",3345140,Manchester city,362,557,615,761,877,3235,13932,20107,23536,32630,44126,56987,70063,78384,76834,77685,82732,88282,87754,90936,99332,107006,109565
31740,"Manhattan, KS",2044250,Manhattan city,0,0,0,0,0,0,0,0,1173,2105,3004,3438,5722,7989,10136,11659,19056,22993,27575,32644,37712,44831,52281
31860,"Mankato-North Mankato, MN",2739878,Mankato city,0,0,0,0,0,0,0,0,3482,5550,8838,10599,10365,12469,14038,15654,18809,23797,30895,28651,31477,32427,39309
31900,"Mansfield, OH",3947138,Mansfield city,0,0,0,288,840,1328,3557,4581,8029,9859,13473,17640,20768,27824,33525,37154,43564,47325,55047,53927,50627,49346,47821
32580,"McAllen-Edinburg-Mission, TX",4845384,McAllen city,0,0,0,0,0,0,0,0,0,0,0,0,150,5331,9074,11877,20067,32728,37636,66281,84021,106414,129877
32780,"Medford, OR",4147000,Medford city,0,0,0,0,0,0,0,0,0,0,967,1791,8840,5756,11007,11281,17305,24425,28973,39746,46951,63154,74907
32820,"Memphis, TN-MS-AR",4748000,Memphis city,0,0,0,0,0,0,8841,22623,40226,33592,64495,102320,131105,162351,253143,292942,396000,497524,623988,646174,610337,650100,646889
32900,"Merced, CA",646898,Merced city,0,0,0,0,0,0,0,0,0,1446,2009,1969,3102,3974,7066,10135,15278,20068,22670,36423,56216,63893,78958
33100,"Miami-Fort Lauderdale-West Palm Beach, FL",1245000,Miami city,0,0,0,0,0,0,0,0,0,0,0,1700,5471,29571,110637,172172,249276,291688,334859,346681,358548,362470,399457
33140,"Michigan City-La Porte, IN",1848798,Michigan City city,0,0,0,0,0,0,999,3320,3985,7366,10773,14850,19027,19457,26735,26476,28395,36653,39369,36850,33822,32900,31479
33220,"Midland, MI",2653780,Midland city,0,0,0,0,0,0,0,0,1160,1529,2277,2400,2527,5483,8038,10329,14285,27779,35176,37035,38053,41685,41863
33260,"Midland, TX",4848072,Midland city,0,0,0,0,0,0,0,0,0,0,0,0,2192,1795,5484,9352,21713,62625,59463,70525,89443,94996,111147
33340,"Milwaukee-Waukesha-West Allis, WI",5553000,Milwaukee city,0,0,0,0,0,1712,20061,45246,71440,115587,204468,285315,373857,457147,578249,587472,637392,741324,717099,636297,628088,596974,594833
33460,"Minneapolis-St. Paul-Bloomington, MN-WI",2743000,Minneapolis city,0,0,0,0,0,0,0,5809,13066,46887,164738,202718,301408,380582,464356,492370,521718,482872,434400,370951,368383,382618,382578
33540,"Missoula, MT",3050200,Missoula city,0,0,0,0,0,0,0,0,400,347,3426,4366,12869,12668,14657,18449,22485,27090,29497,33388,42918,57053,66788
33660,"Mobile, AL",150000,Mobile city,0,0,0,1500,3194,12672,20515,29258,32034,29132,31076,38469,51521,60777,68202,78720,129009,194856,190026,200452,196278,198915,195111
33700,"Modesto, CA",648354,Modesto city,0,0,0,0,0,0,0,0,0,1693,2402,2024,4034,9241,13842,16379,17389,36585,61712,106963,164730,188856,201165
33740,"Monroe, LA",2251410,Monroe city,0,0,0,0,0,0,435,0,1949,2070,3256,5428,10209,12675,26028,28309,38572,52219,56374,57597,54909,53107,48815
33780,"Monroe, MI",2655020,Monroe city,0,0,0,0,0,1703,2813,3892,5086,4930,5258,5043,6893,11573,18110,18478,21467,22968,23894,23531,22902,22076,20733
33860,"Montgomery, AL",151000,Montgomery city,0,0,0,0,695,2200,8728,8903,10588,16713,21883,30346,38136,43464,66079,78084,106525,134393,133386,177857,187106,201568,205764
34060,"Morgantown, WV",5455756,Morgantown city,0,0,0,0,0,0,0,741,797,745,1011,1900,9150,12127,16186,16655,25525,22487,29431,27605,25879,26809,29660
34100,"Morristown, TN",4750280,Morristown city,0,0,0,0,0,0,0,0,0,1350,1999,2973,4007,5875,7305,8050,13019,21267,20318,19570,21385,24965,29137
34580,"Mount Vernon-Anacortes, WA",5347560,Mount Vernon city,0,0,0,0,0,0,0,0,0,0,770,1120,2381,3341,3690,4278,5230,7921,8804,13009,17647,26232,31743
34620,"Muncie, IN",1851876,Muncie city,0,0,0,0,0,0,666,1782,2992,5219,11345,20942,24005,36524,46548,49720,58479,68603,69082,76460,71035,67430,70085
34740,"Muskegon, MI",2656320,Muskegon city,0,0,0,0,0,0,0,1450,6002,11262,22702,20818,24062,36570,41390,47697,48429,46485,44631,40823,40283,40105,38401
34820,"Myrtle Beach-Conway-North Myrtle Beach, SC-NC",4549075,Myrtle Beach city,0,0,0,0,0,0,0,0,0,0,0,0,0,0,0,1600,3345,7834,9035,18446,24848,22759,27109
34900,"Napa, CA",650258,Napa city,0,0,0,0,0,0,159,0,1879,3731,4395,4036,5791,6757,6437,7740,13579,22170,35978,50879,61842,72585,76915
34940,"Naples-Immokalee-Marco Island, FL",1247625,Naples city,0,0,0,0,0,0,0,0,0,0,0,0,0,0,391,1253,1465,4655,12042,17581,19505,20976,19537
34980,"Nashville-Davidson--Murfreesboro--Franklin, TN",4752006,Nashville-Davidson (balance),0,300,1100,3410,5566,6929,10165,16988,25865,43350,76168,80865,110364,118342,153866,167402,174307,170874,426029,455651,488374,545524,601222
35100,"New Bern, NC",3746340,New Bern city,0,2467,0,3663,3796,3690,4681,5432,5849,6443,7843,9090,9961,12198,11981,11815,15812,15717,14660,14557,17363,23128,29524
35300,"New Haven-Milford, CT",952000,New Haven city,4487,4049,5772,7147,10180,12960,20345,39267,50840,62882,81298,108027,133605,162537,162655,160605,164443,152048,137707,126089,130474,123626,129779
35380,"New Orleans-Metairie, LA",2255000,New Orleans city,0,0,17242,27176,46082,102193,116375,168675,191418,216090,242039,287104,339075,387219,458762,494537,570445,627525,593471,557515,496938,484674,343829
35620,"New York-Newark-Jersey City, NY-NJ-PA",3651000,New York city,49401,79216,119734,152056,242278,391114,696115,1174779,1478103,1911698,2507414,3437202,4766883,5620048,6930446,7454995,7891957,7781984,7894862,7071639,7322564,8008278,8175133
35660,"Niles-Benton Harbor, MI",2657760,Niles city,0,0,0,0,0,0,0,0,4630,4197,4197,4287,5156,7311,11326,11328,13145,13842,12988,13115,12458,12204,11600
35840,"North Port-Sarasota-Bradenton, FL",1264175,Sarasota city,0,0,0,0,0,0,0,0,0,0,0,0,840,2149,8398,11141,18896,34083,40237,48868,50961,52715,51917
35980,"Norwich-New London, CT",956200,Norwich city,0,3476,2976,2983,3135,4200,6139,14048,16653,15112,16156,17251,20367,22304,23021,23652,23429,38506,41739,38074,37391,36117,40493
36100,"Ocala, FL",1250750,Ocala city,0,0,0,0,0,0,243,0,600,803,2904,3380,4370,4914,7281,8986,11741,13598,22583,37170,42045,45943,56315
36140,"Ocean City, NJ",3454360,Ocean City city,0,0,0,0,0,0,0,0,0,0,452,1307,1950,2512,5525,4672,6040,7618,10575,13949,15512,15378,11701
36220,"Odessa, TX",4853388,Odessa city,0,0,0,0,0,0,0,0,0,0,0,0,0,0,2407,9573,29495,80338,78380,90027,89699,90943,99940
36260,"Ogden-Clearfield, UT",4955980,Ogden city,0,0,0,0,0,0,500,1464,3127,6069,14889,16313,25580,32804,40272,43688,57112,70197,69478,64407,63909,77226,82825
36420,"Oklahoma City, OK",4055000,Oklahoma City city,0,0,0,0,0,0,0,0,0,0,4151,10037,64205,91295,185389,204424,243504,324253,368164,404014,444719,506132,579999
36500,"Olympia-Tumwater, WA",5351300,Olympia city,0,0,0,0,0,0,0,0,1203,1232,4698,3863,6996,7795,11733,13254,15819,18273,23296,27447,33840,42514,46478
36540,"Omaha-Council Bluffs, NE-IA",3137000,Omaha city,0,0,0,0,0,0,0,1900,16083,30518,140452,102555,124096,191061,214006,223844,251117,301598,346929,313939,335795,390007,408958
36740,"Orlando-Kissimmee-Sanford, FL",1253000,Orlando city,0,0,0,0,0,0,0,0,0,0,2856,2500,3894,9282,27330,36736,52367,88135,99006,128251,164693,185951,238300
36780,"Oshkosh-Neenah, WI",5560500,Oshkosh city,0,0,0,0,0,0,0,6086,12663,15748,22836,28284,33062,33162,40108,39089,41084,45110,53082,49620,55006,62916,66083
36980,"Owensboro, KY",2158620,Owensboro city,0,0,0,0,229,0,1215,2308,3437,6231,9837,13189,16011,17424,22765,30245,33651,42471,50329,54450,53549,54067,57265
37100,"Oxnard-Thousand Oaks-Ventura, CA",654652,Oxnard city,0,0,0,0,0,0,0,0,0,0,0,0,2555,4417,6285,8519,21567,40265,71225,108195,142216,170358,197899
37340,"Palm Bay-Melbourne-Titusville, FL",1254000,Palm Bay city,0,0,0,0,0,0,0,0,0,0,0,0,0,0,0,200,0,2808,7176,18560,62632,79413,103190
37460,"Panama City, FL",1254700,Panama City city,0,0,0,0,0,0,0,0,0,0,0,0,422,1722,5402,11610,25814,33275,32096,33346,34378,36417,36484
37620,"Parkersburg-Vienna, WV",5462140,Parkersburg city,0,0,0,0,0,0,1218,2493,5546,6582,8408,11703,17842,20050,29623,30103,29684,44797,44208,39946,33862,33099,31492
37860,"Pensacola-Ferry Pass-Brent, FL",1255925,Pensacola city,0,0,0,0,0,0,2164,2876,3347,6845,11750,17747,22982,31035,31579,37449,43479,56752,59507,57619,58165,56255,51923
37900,"Peoria, IL",1759000,Peoria city,0,0,0,0,0,1500,5095,14045,22849,29259,41024,56100,66950,76121,104969,105087,111856,103162,126963,124160,113504,112936,115007
37980,"Philadelphia-Camden-Wilmington, PA-NJ-DE-MD",4260000,Philadelphia city,28522,41220,53722,63802,80462,93665,121376,565529,674622,847170,1046964,1293697,1549008,1823779,1950961,1931334,2071605,2002512,1948609,1688210,1585577,1517550,1526006
38060,"Phoenix-Mesa-Scottsdale, AZ",455000,Phoenix city,0,0,0,0,0,0,0,0,240,1708,3152,5544,11314,29053,48118,65414,106818,439170,584303,789704,983403,1321045,1445632
38220,"Pine Bluff, AR",555310,Pine Bluff city,0,0,0,0,0,0,460,1396,2081,3203,9952,11496,15100,19280,20760,21300,37162,44037,57389,56600,57100,55085,49083
38300,"Pittsburgh, PA",4261000,Pittsburgh city,0,1565,4768,7248,12568,21115,46601,49221,86076,156389,238617,321616,533905,588343,669817,671659,676806,604332,520089,423959,369879,334563,305704
38340,"Pittsfield, MA",2553960,Pittsfield city,1992,2261,2665,2768,3559,3747,5872,8045,11112,13364,17281,21766,32121,41763,49677,49684,53348,57879,57020,51974,48622,45793,44737
38540,"Pocatello, ID",1664090,Pocatello city,0,0,0,0,0,0,0,0,0,0,0,4046,9110,15001,16471,18133,26131,28534,40036,46340,46080,51466,54255
38860,"Portland-South Portland, ME",2360545,Portland city,2240,3704,7169,8581,12598,15218,20815,26341,31413,33810,36425,50145,58571,69272,70810,73643,77634,72566,65116,61572,64358,64249,66194
38900,"Portland-Vancouver-Hillsboro, OR-WA",4159000,Portland city,0,0,0,0,0,0,0,2874,8293,17577,46385,90426,207214,258288,301815,305394,373628,372676,379967,368148,437319,529121,583776
38940,"Port St. Lucie, FL",1258715,Port St. Lucie city,0,0,0,0,0,0,0,0,0,0,0,0,0,0,0,0,0,0,330,14690,55866,88769,164603
39140,"Prescott, AZ",457380,Prescott city,0,0,0,0,0,0,0,0,668,1836,1759,3559,5092,5010,5517,6018,6764,12861,13631,19865,26455,33938,39843
39300,"Providence-Warwick, RI-MA",4459000,Providence city,6380,7614,10070,11767,16833,23171,41513,50666,68904,104857,132140,175507,223326,237595,252981,253504,248674,207498,179213,156804,160728,173618,178042
39340,"Provo-Orem, UT",4962470,Provo city,0,0,0,0,0,0,0,2030,2384,3432,5159,6185,8925,10303,14766,18071,28937,36047,53131,74108,86835,105166,112488
39380,"Pueblo, CO",862000,Pueblo city,0,0,0,0,0,0,0,0,666,3217,24558,28157,41747,43050,50096,52162,63685,91181,97774,101686,98640,102121,106595
39460,"Punta Gorda, FL",1259200,Punta Gorda city,0,0,0,0,0,0,0,0,0,0,262,860,1012,1295,1833,1889,1915,3157,3879,6797,10747,14344,16641
39540,"Racine, WI",5566000,Racine city,0,0,0,0,0,0,5107,7822,9880,16031,21014,29102,38002,58593,67542,67195,71193,89144,95162,85725,84298,81855,78860
39580,"Raleigh, NC",3755000,Raleigh city,0,700,976,2674,1700,2244,4518,4780,7790,9265,12678,13643,19218,24418,37379,46897,65679,93931,122830,150255,207951,276093,403892
39660,"Rapid City, SD",4652980,Rapid City city,0,0,0,0,0,0,0,0,0,939,2128,1342,3854,5777,10404,13844,25310,42390,43836,46492,54523,59607,67956
39740,"Reading, PA",4263624,Reading city,2225,2386,3462,4332,5856,8410,15386,22877,33930,43278,58661,78961,96071,107784,111171,110568,109320,98061,87643,78686,78380,81207,88082
39820,"Redding, CA",659920,Redding city,0,0,0,0,0,0,0,0,0,600,1821,2946,3572,2962,4188,8109,10256,12773,16659,42103,66462,80865,89861
39900,"Reno, NV",3260600,Reno city,0,0,0,0,0,0,0,1035,1035,1362,3563,4500,10867,12016,18529,21317,32497,51470,72863,100756,133850,180480,225221
40060,"Richmond, VA",5167000,Richmond city,3761,5737,9735,12067,16060,20153,27570,37910,51038,63600,81388,85050,127628,171667,182929,193042,230310,219958,249332,219214,203056,197790,204214
40140,"Riverside-San Bernardino-Ontario, CA",662000,Riverside city,0,0,0,0,0,0,0,0,0,0,4683,7973,15212,19341,29696,34696,46764,84332,140089,170591,226505,255166,303871
40220,"Roanoke, VA",5168000,Roanoke city,0,0,0,0,0,0,0,0,0,669,16159,21495,34874,50842,69206,69287,91921,97110,92115,100220,96397,94911,97032
40340,"Rochester, MN",2754880,Rochester city,0,0,0,0,0,0,0,1424,3953,5103,5321,6843,7844,13722,20621,26312,29885,40663,53766,57906,70745,85806,106769
40380,"Rochester, NY",3663000,Rochester city,0,0,0,1502,9207,20191,36403,48204,62386,89366,133856,162608,218149,295750,328132,324975,332488,318611,295011,241741,231636,219773,210565
40420,"Rockford, IL",1765000,Rockford city,0,0,0,0,0,0,0,6979,11049,13129,23584,31051,45401,64651,85864,84637,92927,126706,147370,139712,139426,150115,152871
40580,"Rocky Mount, NC",3757500,Rocky Mount city,0,0,0,0,0,0,0,0,357,552,816,2937,8051,12742,21412,25568,27697,32147,34284,41283,48997,55893,57477
40660,"Rome, GA",1366668,Rome city,0,0,0,0,0,0,0,4010,2748,3877,6957,7291,12099,13252,21843,26282,29615,32226,30759,29654,30326,34980,36303
40900,"Sacramento--Roseville--Arden-Arcade, CA",664000,Sacramento city,0,0,0,0,0,0,6820,13785,16283,21420,26386,29282,44696,65908,93750,105958,137572,191667,257105,275741,369365,407018,466488
40980,"Saginaw, MI",2670520,Saginaw city,0,0,0,0,0,0,0,1699,7460,10525,46322,42345,50510,61903,80715,82794,92918,98265,91849,77508,69512,61799,51508
41060,"St. Cloud, MN",2756896,St. Cloud city,0,0,0,0,0,0,0,0,2181,2482,7686,8683,10600,15873,21000,24173,28410,33815,39691,42566,48812,59107,65842
41100,"St. George, UT",4965330,St. George city,0,0,0,0,0,0,0,0,1142,1384,1377,1600,1769,2271,2434,3591,4562,5130,7097,11350,28502,49663,72897
41140,"St. Joseph, MO-KS",2964550,St. Joseph city,0,0,0,0,0,0,0,8932,19565,32431,52324,102979,77403,77939,80935,75711,78588,79035,72748,76691,71852,73990,76780
41180,"St. Louis, MO-IL",2965000,St. Louis city,0,0,1600,0,4977,16469,77860,160773,310864,350518,451770,575238,687029,772897,821960,816048,856796,750026,622236,453805,396685,348189,319294
41420,"Salem, OR",4164900,Salem city,0,0,0,0,0,0,0,902,1139,2538,3398,4258,14094,17679,26266,30908,43140,49142,68296,89091,107786,136924,154637
41500,"Salinas, CA",664224,Salinas city,0,0,0,0,0,0,0,0,599,1854,2339,3304,3736,4308,10263,11586,13917,28957,58896,80479,108777,151060,150441
41540,"Salisbury, MD-DE",2469925,Salisbury city,0,0,0,0,0,0,947,0,2064,2581,2905,4277,6690,7553,10997,13313,15141,16302,15252,16429,20592,23743,30343
41620,"Salt Lake City, UT",4967000,Salt Lake City city,0,0,0,0,0,0,6157,8236,12854,20768,44843,53531,92777,116110,140267,149934,182121,189454,175885,163034,159936,181743,186440
41660,"San Angelo, TX",4864472,San Angelo city,0,0,0,0,0,0,0,0,0,0,2615,0,10321,10050,25308,25802,52093,58815,63884,73240,84462,88439,93200
41700,"San Antonio-New Braunfels, TX",4865000,San Antonio city,0,0,0,0,0,0,3488,8235,12256,20550,37673,53321,96614,161379,231542,253854,408442,587718,654153,785940,935933,1144646,1327407
41740,"San Diego-Carlsbad, CA",666000,San Diego city,0,0,0,0,0,0,500,731,2300,2637,16159,17700,39578,74361,147995,203341,334387,573224,697471,875538,1110549,1223400,1307402
41860,"San Francisco-Oakland-Hayward, CA",667000,San Francisco city,0,0,0,0,0,0,30000,56802,149473,233959,298997,342782,416912,506676,634394,634536,775357,740316,715674,678974,723959,776733,805235
41940,"San Jose-Sunnyvale-Santa Clara, CA",668000,San Jose city,0,0,0,0,0,0,0,0,9089,12567,18060,21500,28946,39642,57651,68457,95280,204196,459913,629400,782248,894943,945942
42020,"San Luis Obispo-Paso Robles-Arroyo Grande, CA",668154,San Luis Obispo city,0,0,0,0,0,0,0,0,0,2243,2995,3021,5157,5895,8276,8881,14180,20437,28036,34252,41958,44174,45119
42100,"Santa Cruz-Watsonville, CA",669112,Santa Cruz city,0,0,0,0,0,0,0,950,2561,3898,5596,5659,11146,10917,14395,16896,21970,25596,32076,41483,49040,54593,59946
42140,"Santa Fe, NM",3570500,Santa Fe city,0,0,0,0,0,0,4539,4635,4765,6635,6185,5603,5073,7326,11176,20325,27998,34394,41167,48053,52303,61109,67947
42200,"Santa Maria-Santa Barbara, CA",669070,Santa Barbara city,0,0,0,0,0,0,0,2351,4255,3460,5864,6587,11659,19441,33613,34958,44913,58768,70215,74414,85571,92325,88410
42220,"Santa Rosa, CA",670098,Santa Rosa city,0,0,0,0,0,0,0,1623,2898,3616,5220,6673,7817,8758,10636,12605,17902,31027,50006,82658,113313,147595,167815
42340,"Savannah, GA",1369000,Savannah city,0,5146,5215,7523,7303,11214,15312,22292,28235,30709,43189,54244,65064,83252,85024,95996,119638,149245,118349,141654,137560,131510,136286
42540,"Scranton--Wilkes-Barre--Hazleton, PA",4269000,Scranton city,0,0,0,0,0,0,2730,9223,35092,45850,75215,102026,129867,137783,143433,140404,125536,111443,102696,88117,81805,76415,76089
42660,"Seattle-Tacoma-Bellevue, WA",5363000,Seattle city,0,0,0,0,0,0,0,188,1100,3533,42837,80671,237194,315312,365583,368302,467591,557087,530831,493846,516259,563374,608660
42680,"Sebastian-Vero Beach, FL",1274150,Vero Beach city,0,0,0,0,0,0,0,0,0,0,0,0,0,793,2268,3050,4746,8849,11908,16176,17350,17705,15220
42700,"Sebring, FL",1264875,Sebring city,0,0,0,0,0,0,0,0,0,0,0,0,0,812,2912,3155,5006,6939,7223,8736,8900,9667,10491
43100,"Sheboygan, WI",5572975,Sheboygan city,0,0,0,0,0,0,0,4262,5310,7314,16359,22962,26398,30955,39251,40638,42365,45747,48484,48085,49676,50792,49288
43300,"Sherman-Denison, TX",4867496,Sherman city,0,0,0,0,0,0,35,613,1439,6093,7335,10243,12412,15031,15713,17156,20150,24988,29061,30413,31601,35082,38521
43340,"Shreveport-Bossier City, LA",2270000,Shreveport city,0,0,0,0,0,0,1728,2200,4607,8009,11979,16013,28015,43874,76655,98167,127206,164372,182064,206989,198525,200145,199311
43420,"Sierra Vista-Douglas, AZ",466820,Sierra Vista city,0,0,0,0,0,0,0,0,0,0,0,0,0,0,0,0,0,3121,6689,24937,32983,37775,43888
43580,"Sioux City, IA-NE-SD",1973335,Sioux City city,0,0,0,0,0,0,0,0,3401,7366,37806,33111,47828,71227,79183,82364,83991,89159,85925,82003,80505,85013,82684
43620,"Sioux Falls, SD",4659020,Sioux Falls city,0,0,0,0,0,0,0,0,0,2164,10177,10266,14094,25202,33362,40832,52696,65466,72488,81343,100814,123975,153888
43780,"South Bend-Mishawaka, IN-MI",1871000,South Bend city,0,0,0,0,0,0,1700,3832,7205,13280,21819,35999,53684,70983,104193,101268,115911,132445,125580,109727,105511,107789,101168
43900,"Spartanburg, SC",4568290,Spartanburg city,0,0,0,0,0,0,1176,1216,1080,3253,5544,11395,17517,22638,28723,32249,36795,44352,44546,43826,43467,39673,37013
44060,"Spokane-Spokane Valley, WA",5367000,Spokane city,0,0,0,0,0,0,0,0,0,350,19922,36848,104402,104437,115514,122001,161721,181608,170516,171300,177196,195629,208916
44100,"Springfield, IL",1772000,Springfield city,0,0,0,0,0,2579,4533,9320,17364,19743,24963,34159,51678,59183,71864,75503,81628,83271,91753,99637,105227,111454,116250
44140,"Springfield, MA",2567000,Springfield city,1600,2300,2800,3900,6784,10985,11766,15199,26703,33340,44179,62059,88926,129614,149900,149554,162399,174463,163905,152319,156983,152082,153060
44180,"Springfield, MO",2970000,Springfield city,0,0,0,0,0,0,415,1235,5555,6522,21850,23267,35201,39631,57527,61238,66731,95865,120096,133116,140494,151580,159498
44220,"Springfield, OH",3974118,Springfield city,0,0,593,868,1080,2062,5108,7002,12652,20730,31895,38253,46921,60840,68743,70662,78508,82723,81926,72563,70487,65358,60608
44300,"State College, PA",4273808,State College borough,0,0,0,0,0,0,0,0,0,0,0,851,1425,2405,4450,6226,17227,22409,32833,36130,38923,38420,42034
44420,"Staunton-Waynesboro, VA",5175216,Staunton city,0,0,0,0,0,0,0,3875,5120,6664,6975,7289,10604,10623,11990,13337,19927,22232,24504,21857,24461,23853,23746
44700,"Stockton-Lodi, CA",675000,Stockton city,0,0,0,0,0,0,0,3679,10066,10282,14424,17506,23253,40296,47963,54714,70853,86321,109963,148283,210943,243771,291707
44940,"Sumter, SC",4570405,Sumter city,0,0,0,0,0,0,1356,1119,1807,2011,3865,5673,8109,9508,11780,15874,20185,23062,24435,24921,41943,39643,40524
45060,"Syracuse, NY",3673000,Syracuse city,0,0,0,0,0,0,22271,28119,43051,51792,88143,108374,137249,171717,209326,205967,220583,216038,197208,170105,163855,147306,145170
45220,"Tallahassee, FL",1270600,Tallahassee city,0,0,0,0,0,1616,0,1932,2023,2492,2934,2981,5018,5637,10700,16240,27237,48174,72624,81548,124773,150624,181376
45300,"Tampa-St. Petersburg-Clearwater, FL",1271000,Tampa city,0,0,0,0,0,0,974,0,800,720,5532,15839,37782,51608,101161,108391,124681,274970,277714,271577,280015,303447,335709
45460,"Terre Haute, IN",1875428,Terre Haute city,0,0,0,0,0,0,4051,8594,16103,26042,30217,36673,58157,66083,62810,62693,64214,71786,70335,61125,57483,59614,60785
45500,"Texarkana, TX-AR",4872368,Texarkana city,0,0,0,0,0,0,0,0,0,1833,2852,5256,9790,11480,16602,17019,24753,30218,30497,31271,31656,34782,36411
45780,"Toledo, OH",3977000,Toledo city,0,0,0,0,0,1322,3829,13768,31584,50137,81434,131822,168497,243164,290718,282349,303616,318003,383062,354635,332943,313619,287208
45820,"Topeka, KS",2071000,Topeka city,0,0,0,0,0,0,0,800,5790,15452,31007,33608,43684,50022,64120,67833,78791,119484,125011,118690,119883,122377,127473
45940,"Trenton, NJ",3474000,Trenton city,1946,0,3002,3942,3925,4035,6461,17228,22874,29910,57458,73307,96815,119289,123356,124697,128009,114167,104638,92124,88675,85403,84913
46060,"Tucson, AZ",477000,Tucson city,0,0,0,0,0,0,400,915,3215,7007,5150,7531,13193,20292,32506,36818,45454,212892,262933,330537,405371,486699,520116
46140,"Tulsa, OK",4075000,Tulsa city,0,0,0,0,0,0,0,0,0,0,0,1400,18182,72075,141258,142157,182740,261685,330350,360919,367302,393049,391906
46220,"Tuscaloosa, AL",177256,Tuscaloosa city,0,0,0,0,0,1949,3500,3989,1689,2418,4215,5094,8407,11996,20659,27493,46396,63370,65773,75211,77759,77906,90468
46340,"Tyler, TX",4874144,Tyler city,0,0,0,0,0,0,0,0,0,2423,6908,8069,10400,12085,17113,28279,38968,51230,57770,70508,75450,83650,96900
46520,"Urban Honolulu, HI",1571550,Honolulu CDP,0,0,0,0,0,0,0,0,14000,17000,22907,39306,52183,83327,137582,179326,248034,294194,324871,365048,365272,371657,387170
46540,"Utica-Rome, NY",3676540,Utica city,0,0,0,2972,8323,12782,17565,22529,28804,33914,44007,56383,74419,94156,101740,100518,100489,100410,91373,75632,68637,60651,62235
46660,"Valdosta, GA",1378800,Valdosta city,0,0,0,0,0,0,0,166,1199,1515,2854,5613,7656,10783,13482,15595,20046,30652,32303,37596,39806,43724,54518
46700,"Vallejo-Fairfield, CA",681666,Vallejo city,0,0,0,0,0,0,0,0,0,5987,6343,7965,11340,16845,16072,20072,26038,60877,71710,80303,109199,116760,115942
47020,"Victoria, TX",4875428,Victoria city,0,0,0,0,0,0,806,1986,2534,0,3046,4010,3673,5957,7421,11566,16126,33047,41349,50695,55076,60603,62592
47220,"Vineland-Bridgeton, NJ",3476070,Vineland city,0,0,0,0,0,0,0,0,0,2519,3822,4370,5282,6432,7556,7914,8155,37685,47399,53753,54780,56271,60724
47260,"Virginia Beach-Norfolk-Newport News, VA-NC",5182000,Virginia Beach city,0,0,0,0,0,0,0,0,0,0,0,0,320,846,1719,2600,5390,8091,172106,262199,393069,425257,437994
47300,"Visalia-Porterville, CA",682954,Visalia city,0,0,0,0,0,0,0,548,913,1412,2885,3085,4550,5753,7263,8904,11749,15791,27268,49729,75636,91877,124442
47380,"Waco, TX",4876000,Waco city,0,0,0,0,0,0,0,0,3008,7295,14445,20686,26425,38500,52848,55982,84706,97808,95326,101261,103590,113726,124805
47460,"Walla Walla, WA",5375775,Walla Walla city,0,0,0,0,0,0,0,0,1394,3588,4709,10049,19364,15503,15976,18109,24102,24536,23619,25618,26478,29686,31731
47580,"Warner Robins, GA",1380508,Warner Robins city,0,0,0,0,0,0,0,0,0,0,0,0,0,0,0,0,7986,18633,33491,39893,43726,48804,66588
47900,"Washington-Arlington-Alexandria, DC-VA-MD-WV",1150000,Washington city,0,8144,15471,23336,30261,33745,51687,75080,131700,177624,230392,278718,331069,437571,486869,663091,802178,763956,756510,638432,606900,572059,601723
47940,"Waterloo-Cedar Falls, IA",1982425,Waterloo city,0,0,0,0,0,0,0,0,4337,5630,6674,12580,26693,36230,46191,51743,65198,71755,75533,75985,66467,68747,68406
48060,"Watertown-Fort Drum, NY",3678608,Watertown city,0,0,0,0,0,0,0,0,9336,10697,14725,21696,26730,31285,32205,33385,34350,33306,30787,27861,29429,26705,27023
48140,"Wausau, WI",5584475,Wausau city,0,0,0,0,0,0,0,543,1349,4277,9253,12354,16560,18951,23758,27268,30386,31943,32806,32426,37060,38426,39106
48260,"Weirton-Steubenville, WV-OH",5485156,Weirton city,0,0,0,0,0,0,0,0,0,0,0,0,0,0,0,9100,24005,28201,27131,24736,22124,20411,19746
48300,"Wenatchee, WA",5377105,Wenatchee city,0,0,0,0,0,0,0,0,0,0,0,451,4050,6324,11627,11620,13072,16726,16912,17257,21756,27856,31925
48540,"Wheeling, WV-OH",5486452,Wheeling city,0,0,0,0,0,7885,11435,14083,19280,30737,34522,38878,41641,56208,61659,61099,58891,53400,48188,43070,34882,31419,28486
48620,"Wichita, KS",2079000,Wichita city,0,0,0,0,0,0,0,0,689,4911,23853,24671,52450,72217,111110,114966,168279,254698,276554,279838,304011,344284,382368
48660,"Wichita Falls, TX",4879000,Wichita Falls city,0,0,0,0,0,0,0,0,0,0,1987,2500,8200,40079,43690,45112,68042,101724,96265,94201,96259,104197,104553
48700,"Williamsport, PA",4285312,Williamsport city,0,0,344,624,0,1353,1615,5664,16030,18934,27132,28757,31860,36198,45729,44355,45047,41967,37918,33401,31933,30706,29381
48900,"Wilmington, NC",3774440,Wilmington city,0,1689,0,2633,3791,5335,7264,9552,13446,17350,20056,20976,25748,33372,32270,33407,45043,44013,46169,44000,55530,75838,106476
49020,"Winchester, VA-WV",5186720,Winchester city,0,0,0,0,0,3454,3857,4392,4477,4958,5196,5161,5864,6883,10855,12095,13841,15110,14643,20217,21947,23585,26203
49180,"Winston-Salem, NC",3775000,Winston-Salem city,0,0,0,0,0,0,0,0,443,4194,10729,13700,22700,48395,75274,79815,87881,111135,133683,131885,143485,185776,229617
49340,"Worcester, MA-CT",2582000,Worcester city,2100,2400,2600,3000,4173,7497,17049,24960,41105,58291,84655,118421,145986,179754,195311,193694,203486,186587,176572,161799,169759,172648,181045
49420,"Yakima, WA",5380010,Yakima city,0,0,0,0,0,0,0,0,0,0,1535,3154,14082,18539,22101,27221,38486,43284,45588,49826,54827,71845,91067
49620,"York-Hanover, PA",4287048,York city,2096,2503,2847,3545,4216,4779,6803,8603,11003,13940,20793,33708,44750,47512,55254,56712,59953,54504,50008,44619,42192,40862,43718
49660,"Youngstown-Warren-Boardman, OH-PA",3988000,Youngstown city,0,0,0,273,384,654,1802,2759,8075,15435,33220,44885,79066,132358,170002,167720,168330,166689,139788,115511,95787,82026,66982
49700,"Yuba City, CA",686972,Yuba City city,0,0,0,0,0,0,0,0,0,0,562,0,1160,1708,3605,4968,7861,11507,13986,18736,27437,36758,64925
49740,"Yuma, AZ",485540,Yuma city,0,0,0,0,0,0,0,0,1144,1200,1773,1800,2914,4237,4892,5325,9145,23974,29007,42481,56966,77515,93064