cbsa_fips,cbsa,gmp2007,gmp2007_mfg,emp2007,emp2007_mfg,lq_gmp,lq_emp
0,US,16607507253,2139921438,142754.66,13831.225,1,1
10180,"Abilene, TX",5829160.88,456610.3861,74.96,3.279,0.61,0.45
10420,"Akron, OH",32815603.06,6293771.159,344.063,46.54,1.49,1.4
10500,"Albany, GA",5541663.268,861352.7565,68.064,6.744,1.21,1.02
10580,"Albany-Schenectady-Troy, NY",45326954.33,3675425.98,451.082,23.078,0.63,0.53
10740,"Albuquerque, NM",42941900.72,3947817.675,407.064,23.664,0.71,0.6
10780,"Alexandria, LA",5737849.81,608824.9224,67.628,4.575,0.82,0.7
10900,"Allentown-Bethlehem-Easton, PA-NJ",34782737.63,5164667.548,349.667,39.974,1.15,1.18
11020,"Altoona, PA",4982031.845,799488.4927,63.788,7.637,1.25,1.24
11100,"Amarillo, TX",10547082.22,1526341.797,116.046,12.769,1.12,1.14
11180,"Ames, IA",4201045.784,717624.4876,49.189,4.855,1.33,1.02
11260,"Anchorage, AK",30174233.52,269615.683,182.586,2.289,0.07,0.13
11300,"Anderson, IN",3450973.894,786730.0775,42.895,4.368,1.77,1.05
11340,"Anderson, SC",4892330.141,1400859.48,67.097,12.687,2.22,1.95
11460,"Ann Arbor, MI",22708334.55,3159530.087,204.784,19.023,1.08,0.96
11500,"Anniston-Oxford, AL",4470564.824,749994.5997,54.943,7.373,1.3,1.39
11540,"Appleton, WI",11542287.33,2631865.91,123.286,22.831,1.77,1.91
11700,"Asheville, NC",15438250.97,2674331.745,181.633,20.941,1.34,1.19
12020,"Athens-Clarke County, GA",7316472.997,1385424.366,93.119,9.481,1.47,1.05
12060,"Atlanta-Sandy Springs-Marietta, GA",330096958.7,26342441.52,2484.179,174.986,0.62,0.73
12100,"Atlantic City, NJ",15468167.79,354383.1926,152.411,3.835,0.18,0.26
12220,"Auburn-Opelika, AL",4048007.496,742821.2822,56.071,6.838,1.42,1.26
12260,"Augusta-Richmond County, GA-SC",20568046.83,3295149.323,234.418,23.816,1.24,1.05
12420,"Austin-Round Rock, TX",93751931.22,13290818.19,786.495,65.941,1.1,0.87
12540,"Bakersfield, CA",39505228.19,3410783.552,292.823,13.273,0.67,0.47
12580,"Baltimore-Towson, MD",162372052.9,10810760.26,1354.382,71.142,0.52,0.54
12620,"Bangor, ME",6135728.295,473041.181,75.853,4.509,0.6,0.61
12700,"Barnstable Town, MA",9157019.18,271357.9132,97.821,2.202,0.23,0.23
12940,"Baton Rouge, LA",44352296.09,11381296.46,381.145,26.3,1.99,0.71
12980,"Battle Creek, MI",5950432.573,2265879.983,59.996,12.416,2.96,2.14
13020,"Bay City, MI",3116785.805,606930.3483,39.487,4.202,1.51,1.1
13140,"Beaumont-Port Arthur, TX",25654168.53,13024283.32,168.598,22.929,3.94,1.4
13380,"Bellingham, WA",9575657.263,2610184.314,89.031,9.262,2.12,1.07
13460,"Bend, OR",6850524.654,580170.1099,73.994,5.644,0.66,0.79
13740,"Billings, MT",9373735.422,1888052.764,83.389,3.535,1.56,0.44
13780,"Binghamton, NY",9298896.383,1960686.188,116.121,18.032,1.64,1.6
13820,"Birmingham-Hoover, AL",60829447.78,6024312.319,544.976,44.131,0.77,0.84
13900,"Bismarck, ND",4961561.354,442313.8261,62.603,2.786,0.69,0.46
13980,"Blacksburg-Christiansburg-Radford, VA",6627547.894,2168967.445,72.189,13.55,2.54,1.94
14010,"Bloomington-Normal, IL",10518677.53,713184.0775,93.001,5.609,0.53,0.62
14020,"Bloomington, IN",7153565.892,1367846.588,86.003,9.543,1.48,1.15
14260,"Boise City-Nampa, ID",29248219.81,4258888.565,287.703,31.154,1.13,1.12
14460,"Boston-Cambridge-Quincy, MA-NH",362016694.4,38996590.55,2493.013,202.985,0.84,0.84
14500,"Boulder, CO",20760510.99,3315080.214,167.957,17.939,1.24,1.1
14540,"Bowling Green, KY",5302178.604,1242568.579,64.581,10.186,1.82,1.63
14740,"Bremerton-Silverdale, WA",9979448.789,213938.6778,99.673,2.005,0.17,0.21
14860,"Bridgeport-Stamford-Norwalk, CT",97283438.42,15516970.66,444.285,40.786,1.24,0.95
15180,"Brownsville-Harlingen, TX",8341983.656,744687.8813,126.481,7.661,0.69,0.63
15260,"Brunswick, GA",3862382.378,363709.9739,46.31,2.371,0.73,0.53
15380,"Buffalo-Niagara Falls, NY",52199108.63,9201922.257,551.307,59.904,1.37,1.12
15500,"Burlington, NC",4967968.37,1123392.762,63.422,11.117,1.75,1.81
15540,"Burlington-South Burlington, VT",11795312,1603848.772,120.258,14.803,1.06,1.27
15940,"Canton-Massillon, OH",14990317.94,3900416.43,176.71,30.982,2.02,1.81
15980,"Cape Coral-Fort Myers, FL",25435981.56,719246.2648,234.074,6.562,0.22,0.29
16180,"Carson City, NV",3316640.607,349822.4453,33.066,3.138,0.82,0.98
16220,"Casper, WY",5973259.909,229251.5327,40.77,1.954,0.3,0.49
16300,"Cedar Rapids, IA",17020045.97,2618269.808,142.461,21.869,1.19,1.58
16580,"Champaign-Urbana, IL",9663044.053,1094172.091,115.651,10.424,0.88,0.93
16620,"Charleston, WV",16990492.2,1272038.291,155.097,6.371,0.58,0.42
16700,"Charleston-North Charleston, SC",30563507.43,3835563.946,315.568,22.515,0.97,0.74
16740,"Charlotte-Gastonia-Concord, NC-SC",116299398.4,14975165.86,875.17,83.54,1,0.99
16820,"Charlottesville, VA",10666182.31,592889.744,106.03,4.628,0.43,0.45
16860,"Chattanooga, TN-GA",24636555.78,4402385.891,252.326,34.869,1.39,1.43
16940,"Cheyenne, WY",5880792.044,1474973.2,48.57,1.627,1.95,0.35
16980,"Chicago-Naperville-Joliet, IL-IN-WI",618780241.2,78131540.49,4605.414,483.321,0.98,1.08
17020,"Chico, CA",6928905.265,387132.4917,82.474,4.173,0.43,0.52
17140,"Cincinnati-Middletown, OH-KY-IN",118507986.7,20826693.47,1064.872,121.226,1.36,1.17
17300,"Clarksville, TN-KY",10813715.3,2128038.839,118.625,13.662,1.53,1.19
17420,"Cleveland, TN",3455873.655,1131956.755,43.096,8.683,2.54,2.08
17460,"Cleveland-Elyria-Mentor, OH",125384155.4,20820953.64,1084.013,142.733,1.29,1.36
17660,"Coeur d'Alene, ID",5188106.561,408364.977,58.382,4.761,0.61,0.84
17780,"College Station-Bryan, TX",7160375.918,662424.2702,100.577,5.58,0.72,0.57
17820,"Colorado Springs, CO",28648703.3,2627466.45,292.708,15.257,0.71,0.54
17860,"Columbia, MO",7299758.05,503951.6157,95.821,4.702,0.54,0.51
17900,"Columbia, SC",35892467.9,3847751.582,385.503,31.443,0.83,0.84
17980,"Columbus, GA-AL",13667894.68,1416477.838,142.829,11.203,0.8,0.81
18020,"Columbus, IN",4778855.399,2373210.613,46.388,15.838,3.85,3.52
18140,"Columbus, OH",108654623.4,10708577.1,961.012,76.863,0.76,0.83
18580,"Corpus Christi, TX",22742893.28,6617449.811,186.794,11.071,2.26,0.61
18700,"Corvallis, OR",4639952.714,1551021.377,40.602,4.697,2.59,1.19
18880,"Fort Walton Beach-Crestview-Destin, FL",10756730.98,663968.2103,101.719,4.74,0.48,0.48
19060,"Cumberland, MD-WV",2824488.312,313817.7917,40.655,4.504,0.86,1.14
19100,"Dallas-Fort Worth-Arlington, TX",407850075,55142938.53,3037.806,297.716,1.05,1.01
19140,"Dalton, GA",6701936.305,3048555.196,79.831,29.653,3.53,3.83
19180,"Danville, IL",2657437.533,682572.4498,32.436,5.966,1.99,1.9
19260,"Danville, VA",3206916.672,840379.8193,46.204,7.61,2.03,1.7
19340,"Davenport-Moline-Rock Island, IA-IL",19342766.44,3778879.685,194.227,25.671,1.52,1.36
19380,"Dayton, OH",42191992.92,7358457.186,415.748,52.129,1.35,1.29
19460,"Decatur, AL",5644501.692,2196676.404,62.584,13.601,3.02,2.24
19500,"Decatur, IL",6203863.019,2030639.663,55.959,11.851,2.54,2.19
19660,"Deltona-Daytona Beach-Ormond Beach, FL",15264718.44,1035614.272,175.492,10.501,0.53,0.62
19740,"Denver-Aurora, CO",169854050.2,10595401.6,1256.809,71.485,0.48,0.59
19780,"Des Moines, IA",45812050.22,2854883.01,330.723,19.653,0.48,0.61
19820,"Detroit-Warren-Livonia, MI",247394130.5,43671918.72,1979.951,246.59,1.37,1.29
20020,"Dothan, AL",5152658.178,560210.1296,66.897,7.583,0.84,1.17
20100,"Dover, DE",6744219.441,604410.8037,72.494,4.894,0.7,0.7
20220,"Dubuque, IA",4884685.756,1333353.913,57.757,9.474,2.12,1.69
20260,"Duluth, MN-WI",11235778.03,892717.0304,137.101,8.729,0.62,0.66
20500,"Durham, NC",42510906.31,17138884.92,283.815,39.591,3.13,1.44
20740,"Eau Claire, WI",6739945.868,1088881.478,88.364,11.206,1.25,1.31
20940,"El Centro, CA",5021139.986,265938.5006,61.034,2.559,0.41,0.43
21060,"Elizabethtown, KY",4744907.762,930593.5798,58.538,6.314,1.52,1.11
21140,"Elkhart-Goshen, IN",12429605.58,6994349.743,131.781,62.331,4.37,4.88
21300,"Elmira, NY",3237633.121,676530.4278,41.195,6.34,1.62,1.59
21340,"El Paso, TX",23871824.5,3067472.51,303.57,20.197,1,0.69
21500,"Erie, PA",11584224.05,2893195.082,136.456,24.27,1.94,1.84
21660,"Eugene-Springfield, OR",14120689.82,2469052.584,163.394,19.845,1.36,1.25
21780,"Evansville, IN-KY",19227329.96,6572285.442,180.848,32.38,2.65,1.85
21820,"Fairbanks, AK",6885765.489,449180.4684,47.508,0.648,0.51,0.14
22020,"Fargo, ND-MN",11271595.33,1207624.784,121.055,9.248,0.83,0.79
22140,"Farmington, NM",7578029.189,335551.6926,54.348,1.555,0.34,0.3
22180,"Fayetteville, NC",17046234.79,1283126.124,178.61,9.157,0.58,0.53
22220,"Fayetteville-Springdale-Rogers, AR-MO",20103919.14,2827339.945,218.359,32.355,1.09,1.53
22380,"Flagstaff, AZ",5705943.386,404658.0811,67.671,3.65,0.55,0.56
22420,"Flint, MI",14650767.54,3175829.189,151.932,16.263,1.68,1.1
22500,"Florence, SC",8195787.22,1838211.194,89.528,13.388,1.74,1.54
22520,"Florence-Muscle Shoals, AL",4417647.655,765816.0245,60.539,7.369,1.35,1.26
22540,"Fond du Lac, WI",4066230.064,1101042.973,51.466,10.774,2.1,2.16
22660,"Fort Collins-Loveland, CO",12877317.17,2187223.802,139.519,11.981,1.32,0.89
22900,"Fort Smith, AR-OK",10732182.89,2625797.922,133.04,26.708,1.9,2.07
23060,"Fort Wayne, IN",20855080.97,4938071.057,222.736,37.753,1.84,1.75
23420,"Fresno, CA",34643663.43,2978401.669,371.236,28.07,0.67,0.78
23460,"Gadsden, AL",2874792.331,589259.961,39.525,5.643,1.59,1.47
23540,"Gainesville, FL",11822172.41,534111.0883,137.298,5.822,0.35,0.44
23580,"Gainesville, GA",7443494.512,2231418.766,78.768,17.239,2.33,2.26
24020,"Glens Falls, NY",4383408.75,688968.8295,57.693,6.61,1.22,1.18
24140,"Goldsboro, NC",4626308.191,1352999.104,50.746,6.238,2.27,1.27
24220,"Grand Forks, ND-MN",4295893.439,424372.6522,59.343,4.515,0.77,0.79
24300,"Grand Junction, CO",5968105.77,327150.5986,65.353,3.3,0.43,0.52
24340,"Grand Rapids-Wyoming, MI",38440361.7,8671440.118,396.966,69.215,1.75,1.8
24500,"Great Falls, MT",3274029.923,97520.91609,39.983,0.97,0.23,0.25
24540,"Greeley, CO",8432395.958,1346075.969,88.781,10.282,1.24,1.2
24580,"Green Bay, WI",16829470.15,3407289.371,175.573,30.974,1.57,1.82
24660,"Greensboro-High Point, NC",38193698.39,9866351.697,376.112,62.856,2,1.72
24780,"Greenville, NC",6812347.202,1424194.401,82.557,7.256,1.62,0.91
24860,"Greenville, SC",30070003.8,5662430.527,321.083,41.965,1.46,1.35
25060,"Gulfport-Biloxi, MS",11794196.35,1025868.581,121.726,5.994,0.68,0.51
25180,"Hagerstown-Martinsburg, MD-WV",8963676.847,1228360.206,109.094,10.382,1.06,0.98
25260,"Hanford-Corcoran, CA",5194363.475,929687.6732,53.396,4.32,1.39,0.84
25420,"Harrisburg-Carlisle, PA",34339659.67,2730639.006,339.228,24.294,0.62,0.74
25500,"Harrisonburg, VA",6360283.429,1989250.387,66.439,10.955,2.43,1.7
25540,"Hartford-West Hartford-East Hartford, CT",97508817.46,12903479.22,646.062,73.112,1.03,1.17
25620,"Hattiesburg, MS",5266879.583,542673.8483,63.579,4.928,0.8,0.8
25860,"Hickory-Lenoir-Morganton, NC",12932008.24,4819772.948,165.705,49.588,2.89,3.09
25980,"Hinesville-Fort Stewart, GA",3440959.445,233363.3241,34.888,1.188,0.53,0.35
26100,"Holland-Grand Haven, MI",10607491.19,4143637.89,117.618,35.401,3.03,3.11
26300,"Hot Springs, AR",2934705.329,278821.2526,40.062,2.755,0.74,0.71
26380,"Houma-Bayou Cane-Thibodaux, LA",12249109.67,1523000.655,97.806,10.059,0.96,1.06
26420,"Houston-Baytown-Sugar Land, TX",460978625.6,83223797.81,2626.816,232.297,1.4,0.91
26580,"Huntington-Ashland, WV-KY-OH",11020373.89,2021075.98,124.681,10.026,1.42,0.83
26620,"Huntsville, AL",22755981.26,4479896.454,216.725,32.735,1.53,1.56
26820,"Idaho Falls, ID",4276213.331,306747.7972,55.127,3.474,0.56,0.65
26900,"Indianapolis, IN",115662405,26029365,924.38,96.551,1.75,1.08
26980,"Iowa City, IA",8065087.512,1073637.669,93.075,6.934,1.03,0.77
27060,"Ithaca, NY",4495272.183,423528.9994,59.032,3.791,0.73,0.66
27100,"Jackson, MI",5356049.373,1195356.739,60.352,9.398,1.73,1.61
27140,"Jackson, MS",26412657.75,2585222.664,271.681,20.687,0.76,0.79
27180,"Jackson, TN",5191284.458,1352873.839,63.273,10.953,2.02,1.79
27260,"Jacksonville, FL",71432547.32,4624980.868,656.683,33.035,0.5,0.52
27340,"Jacksonville, NC",7386511.481,306049.3531,89.688,0.932,0.32,0.11
27500,"Janesville, WI",6257845.398,1737004.204,72.407,13.49,2.15,1.92
27620,"Jefferson City, MO",6220864.168,594897.2535,84.888,6.305,0.74,0.77
27740,"Johnson City, TN",6462488.172,1106166.54,82.833,10.128,1.33,1.26
27780,"Johnstown, PA",4630196.522,431703.1442,63.006,4.874,0.72,0.8
27860,"Jonesboro, AR",4135409.476,749811.6691,51.176,7.795,1.41,1.57
27900,"Joplin, MO",6671545.209,1805903.932,83.851,15.514,2.1,1.91
28020,"Kalamazoo-Portage, MI",14840086.71,3404251.438,150.291,22.65,1.78,1.56
28100,"Kankakee-Bradley, IL",3710239.392,721642.233,46.099,5.264,1.51,1.18
28140,"Kansas City, MO-KS",118832994.2,12078025.63,1045.561,80.95,0.79,0.8
28420,"Kennewick-Richland-Pasco, WA",10705475.78,815373.7365,102.183,6.229,0.59,0.63
28660,"Killeen-Temple-Fort Hood, TX",16576282.3,1548368.005,181.966,8.568,0.72,0.49
28700,"Kingsport-Bristol-Bristol, TN-VA",11135954.8,2591084.326,129.633,24.11,1.81,1.92
28740,"Kingston, NY",5453998.301,428842.097,64.429,4.272,0.61,0.68
28940,"Knoxville, TN",33096990.99,5289774.326,344.222,37.157,1.24,1.11
29020,"Kokomo, IN",5567656.95,3315411.509,48.204,14.166,4.62,3.03
29100,"La Crosse, WI-MN",6144268.318,907758.9606,77.724,9.77,1.15,1.3
29180,"Lafayette, LA",18861935.79,1433424.469,149.791,10.056,0.59,0.69
29200,"Lafayette, IN",8824105.88,2842262.106,97.205,17.178,2.5,1.82
29340,"Lake Charles, LA",17520102.53,9894669.369,95.637,9.133,4.38,0.99
29460,"Lakeland, FL",19896768.09,2090327.255,218.174,17.235,0.82,0.82
29540,"Lancaster, PA",21781191.07,4769757.87,246.625,42.686,1.7,1.79
29620,"Lansing-East Lansing, MI",21689171.17,2971049.027,232.054,21.464,1.06,0.95
29700,"Laredo, TX",6187394.378,126662.2364,89.526,1.315,0.16,0.15
29740,"Las Cruces, NM",6455524.061,520438.7422,73.359,3.168,0.63,0.45
29820,"Las Vegas-Paradise, NV",112292771.8,3801800.004,941.132,26.727,0.26,0.29
29940,"Lawrence, KS",4157752.041,450520.4527,53.712,4.437,0.84,0.85
30020,"Lawton, OK",4820721.624,387348.5904,56.571,3.924,0.62,0.72
30140,"Lebanon, PA",4079767.49,1007654.559,52.043,9.848,1.92,1.95
30300,"Lewiston, ID-WA",2167290.739,222342.6046,28.668,3.314,0.8,1.19
30340,"Lewiston-Auburn, ME",4342204.903,686583.0744,52.081,6.483,1.23,1.28
30460,"Lexington-Fayette, KY",26037717.78,4868592.49,268.799,35.391,1.45,1.36
30620,"Lima, OH",4963942.012,1573823.96,57,8.756,2.46,1.59
30700,"Lincoln, NE",15859377.82,2005969.928,177.4,15.282,0.98,0.89
30780,"Little Rock-North Little Rock, AR",37066043.73,3028278.063,359.052,24.884,0.63,0.72
30860,"Logan, UT-ID",3685023.098,936957.0472,57.23,11.026,1.97,1.99
30980,"Longview, TX",10270968.1,2280864.819,100.032,14.003,1.72,1.44
31020,"Longview, WA",3650751.568,927868.6156,39.922,7.053,1.97,1.82
31080,"Los Angeles-Long Beach-Santa Ana, CA",873296612.3,91071342.66,5825.788,633.556,0.81,1.12
31140,"Louisville, KY-IN",65379026.7,11090563.25,641.198,77.315,1.32,1.24
31180,"Lubbock, TX",10158410.26,479096.0055,130.849,5.018,0.37,0.4
31340,"Lynchburg, VA",7692122.895,1756791.009,90.172,15.449,1.77,1.77
31420,"Macon, GA",9029125.843,827766.2795,103.154,6.634,0.71,0.66
31460,"Madera, CA",4092177.931,365500.7797,47.644,3.315,0.69,0.72
31540,"Madison, WI",38727619.13,4075244.79,358.595,32.295,0.82,0.93
31700,"Manchester-Nashua, NH",25977969.92,3849471.732,209.105,30.57,1.15,1.51
31900,"Mansfield, OH",4811407.187,1522479.829,59.196,12.7,2.46,2.21
32580,"McAllen-Edinburg-Pharr, TX",14466679.56,689438.3159,222.214,7.993,0.37,0.37
32780,"Medford, OR",7014735.244,672593.0159,89.215,7.723,0.74,0.89
32820,"Memphis, TN-MS-AR",72580318.29,8814855.224,654.15,52.525,0.94,0.83
32900,"Merced, CA",6549471.109,1031655.125,73.315,9.292,1.22,1.31
33100,"Miami-Fort Lauderdale-Miami Beach, FL",304023430,12192110.25,2460.548,99.489,0.31,0.42
33140,"Michigan City-La Porte, IN",4018587.069,1213670.797,48.346,9.225,2.34,1.97
33260,"Midland, TX",12055607.2,519345.716,68.247,2.84,0.33,0.43
33340,"Milwaukee-Waukesha-West Allis, WI",98628108.41,17384162.86,870.856,133.251,1.37,1.58
33460,"Minneapolis-St. Paul-Bloomington, MN-WI",224889200.2,28311858.87,1854.613,202.422,0.98,1.13
33540,"Missoula, MT",4935805.696,194755.0684,58.611,2.578,0.31,0.45
33660,"Mobile, AL",19386649.02,2788801.91,188.41,16.181,1.12,0.89
33700,"Modesto, CA",17324526.42,2869462.735,180.689,22.888,1.29,1.31
33740,"Monroe, LA",6895683.457,1275711.798,80.782,8.112,1.44,1.04
33780,"Monroe, MI",4777807.392,1109140.657,45.326,6.77,1.8,1.54
33860,"Montgomery, AL",16903778.88,2312076.623,186.228,20.229,1.06,1.12
34060,"Morgantown, WV",5199785.443,373605.4684,63.386,4.052,0.56,0.66
34100,"Morristown, TN",3958727.279,1275931.514,54.553,14.52,2.5,2.75
34580,"Mount Vernon-Anacortes, WA",5062812.978,1072299.02,51.414,5.825,1.64,1.17
34620,"Muncie, IN",3895336.034,728862.5218,54.302,5.484,1.45,1.04
34740,"Muskegon-Norton Shores, MI",5465401.262,1542668.813,66.219,12.781,2.19,1.99
34820,"Myrtle Beach-Conway-North Myrtle Beach, SC",12163947.11,450019.8299,128.015,4.471,0.29,0.36
34900,"Napa, CA",8373639.031,1834779.309,70.592,11.692,1.7,1.71
34940,"Naples-Marco Island, FL",16421964.62,372656.7563,135.859,3.277,0.18,0.25
34980,"Nashville-Davidson--Murfreesboro, TN",85700270.66,10910749.29,786.234,81.653,0.99,1.07
35300,"New Haven-Milford, CT",49879420.48,8871085.438,385.32,40.651,1.38,1.09
35380,"New Orleans-Metairie-Kenner, LA",78618257.42,16253312.27,528.894,36.181,1.6,0.71
35620,"New York-Northern New Jersey-Long Island, NY-NJ-PA",1429045738,79285246.88,8673.244,438.992,0.43,0.52
35660,"Niles-Benton Harbor, MI",6181248.41,1462740.121,67.651,14.468,1.84,2.21
35840,"Sarasota-Bradenton-Venice, FL",29286956.32,2105594.582,280.702,17.971,0.56,0.66
35980,"Norwich-New London, CT",18249502.63,3438549.13,144.956,15.636,1.46,1.11
36100,"Ocala, FL",9237417.294,926194.2038,112.132,9.585,0.78,0.88
36140,"Ocean City, NJ",4341997.768,66434.70286,45.017,0.821,0.12,0.19
36220,"Odessa, TX",7796466.146,717366.0611,60.693,4.383,0.71,0.75
36260,"Ogden-Clearfield, UT",19750512.29,3354791.086,210.76,22.938,1.32,1.12
36420,"Oklahoma City, OK",63089816.8,4398220.971,601.539,37.03,0.54,0.64
36500,"Olympia, WA",10367799.09,340905.9114,105.68,3.417,0.26,0.33
36540,"Omaha-Council Bluffs, NE-IA",51735329.76,4223155.314,480.498,33.551,0.63,0.72
36740,"Orlando, FL",122807103.2,5658432.788,1096.843,44.607,0.36,0.42
36780,"Oshkosh-Neenah, WI",9111179.369,3028499.238,94.709,24.135,2.58,2.63
36980,"Owensboro, KY",4668836.909,1380014.257,53.574,9.336,2.29,1.8
37100,"Oxnard-Thousand Oaks-Ventura, CA",46145764.88,9917604.219,328.763,37.959,1.67,1.19
37340,"Palm Bay-Melbourne-Titusville, FL",22008150.53,4157735.986,216.841,24.116,1.47,1.15
37460,"Panama City-Lynn Haven, FL",7606131.027,375952.1334,81.335,3.527,0.38,0.45
37620,"Parkersburg-Marietta, WV-OH",6560342.171,1498826.155,75.887,9.018,1.77,1.23
37700,"Pascagoula, MS",7164900.358,1685629.913,59.902,15.403,1.83,2.65
37860,"Pensacola-Ferry Pass-Brent, FL",16694946.85,934487.1641,185.061,7.043,0.43,0.39
37900,"Peoria, IL",20372611,4871284.185,192.203,31.598,1.86,1.7
37980,"Philadelphia-Camden-Wilmington, PA-NJ-DE-MD",388311879.9,41698109.29,2852.22,221.274,0.83,0.8
38060,"Phoenix-Mesa-Scottsdale, AZ",226637461.1,22562362.06,1944.074,137.128,0.77,0.73
38220,"Pine Bluff, AR",3552384.541,693515.603,40.9,6.727,1.52,1.7
38300,"Pittsburgh, PA",128660111.4,14633742.04,1162.401,100.264,0.88,0.89
38340,"Pittsfield, MA",5695876.445,840011.8581,65.997,5.698,1.14,0.89
38540,"Pocatello, ID",3097565.464,270692.6647,41.56,3.854,0.68,0.96
38860,"Portland-South Portland-Biddeford, ME",28513661.9,2912586.07,275.758,24.931,0.79,0.93
38900,"Portland-Vancouver-Beaverton, OR-WA",141218130,33679871.54,1075.628,126.158,1.85,1.21
38940,"Port St. Lucie-Fort Pierce, FL",13683803.63,702194.7138,140.304,6.425,0.4,0.47
39100,"Poughkeepsie-Newburgh-Middletown, NY",25149995.49,2535162.176,268.232,21.506,0.78,0.83
39140,"Prescott, AZ",5828128.276,361175.1576,66.077,3.428,0.48,0.54
39300,"Providence-New Bedford-Fall River, RI-MA",75688353.85,8358659.769,732.518,82.133,0.86,1.16
39340,"Provo-Orem, UT",17024793.48,2411658.373,195.888,19.859,1.1,1.05
39380,"Pueblo, CO",4618351.704,605952.1333,59.82,4.395,1.02,0.76
39460,"Punta Gorda, FL",3896744.617,91276.80374,45.896,0.842,0.18,0.19
39540,"Racine, WI",8266999.096,3315627.311,81.496,18.808,3.11,2.38
39580,"Raleigh-Cary, NC",64467532.98,8242115.082,524.743,35.052,0.99,0.69
39660,"Rapid City, SD",6010696.555,342090.2613,65.899,3.444,0.44,0.54
39740,"Reading, PA",17402521.97,4116712.055,178.934,31.5,1.84,1.82
39820,"Redding, CA",6160973.489,311303.2192,69.361,2.92,0.39,0.43
39900,"Reno-Sparks, NV",24647350.05,2284205.148,225.548,14.565,0.72,0.67
40060,"Richmond, VA",69791501.99,7735026.984,650.382,42.331,0.86,0.67
40140,"Riverside-San Bernardino-Ontario, CA",137586945.7,12399288.84,1341.108,118.561,0.7,0.91
40220,"Roanoke, VA",14880351.69,2187604.374,166.732,17.394,1.14,1.08
40340,"Rochester, MN",9618914.308,1649607.739,111.548,12.475,1.33,1.15
40380,"Rochester, NY",51903800.57,13104620.09,520.882,73.217,1.96,1.45
40420,"Rockford, IL",15297459.17,4835029.74,163.825,34.24,2.45,2.16
40580,"Rocky Mount, NC",5952618.374,1511365.506,68.229,13.978,1.97,2.11
40660,"Rome, GA",3727395.809,870864.167,42.889,7.454,1.81,1.79
40900,"Sacramento--Arden-Arcade--Roseville, CA",115823745.2,5892453.965,943.726,40.847,0.39,0.45
40980,"Saginaw-Saginaw Township North, MI",8328288.298,1813816.985,92.054,12.079,1.69,1.35
41060,"St. Cloud, MN",8127728.377,1439970.186,109.341,17.32,1.37,1.63
41100,"St. George, UT",4367814.38,281019.2551,55.144,3.327,0.5,0.62
41140,"St. Joseph, MO-KS",5110867.873,1400209.966,63.179,10.865,2.13,1.77
41180,"St. Louis, MO-IL",152093802.3,22292574.42,1387.702,136.662,1.14,1.02
41420,"Salem, OR",13862768.59,1416828.89,168.202,14.865,0.79,0.91
41500,"Salinas, CA",20093555.37,786498.5237,177.165,6.068,0.3,0.35
41540,"Salisbury, MD",4952363.66,505000.9121,56.829,4.184,0.79,0.76
41620,"Salt Lake City, UT",76776985.03,7527105.286,648.146,57.914,0.76,0.92
41660,"San Angelo, TX",3955297.788,396148.7935,50.501,3.771,0.78,0.77
41700,"San Antonio, TX",86408633.56,5753338.524,895.767,49.161,0.52,0.57
41740,"San Diego-Carlsbad-San Marcos, CA",204054444.9,17207474.3,1448.179,102.751,0.65,0.73
41780,"Sandusky, OH",3459455.516,1139745.652,39.127,6.134,2.56,1.62
41860,"San Francisco-Oakland-Fremont, CA",388331207,53142037.58,2102.285,136.48,1.06,0.67
41940,"San Jose-Sunnyvale-Santa Clara, CA",189223532.7,47750126.09,933.306,165.838,1.96,1.83
42020,"San Luis Obispo-Paso Robles, CA",12177320.73,893670.566,110.414,6.061,0.57,0.57
42100,"Santa Cruz-Watsonville, CA",10822330.76,902452.8607,104.7,6.345,0.65,0.63
42140,"Santa Fe, NM",7367254.846,167447.5342,67.654,1.048,0.18,0.16
42200,"Santa Barbara-Santa Maria-Goleta, CA",22379246.22,1998340.893,193.408,13.254,0.69,0.71
42220,"Santa Rosa-Petaluma, CA",22758827.1,3108177.385,199.484,22.043,1.06,1.14
42340,"Savannah, GA",15718914.75,2728145.396,168.789,14.72,1.35,0.9
42540,"Scranton--Wilkes-Barre, PA",22652432.73,3270499.804,266.444,33.154,1.12,1.28
42660,"Seattle-Tacoma-Bellevue, WA",276372990.8,41327054.1,1817.056,187.597,1.16,1.07
42680,"Vero Beach, FL",5316727.042,236884.7837,53.341,2.26,0.35,0.44
43100,"Sheboygan, WI",5582826.006,2401277.181,66.909,23.232,3.34,3.58
43300,"Sherman-Denison, TX",3885907.55,1062490.43,46.681,6.302,2.12,1.39
43340,"Shreveport-Bossier City, LA",19501549.3,3382970.205,186.625,13.418,1.35,0.74
43580,"Sioux City, IA-NE-SD",7039301.47,1563605.901,78.102,12.861,1.72,1.7
43620,"Sioux Falls, SD",16483169.54,1234618.454,138.077,13.051,0.58,0.98
43780,"South Bend-Mishawaka, IN-MI",13370316.96,2849904.38,147.106,19.946,1.65,1.4
43900,"Spartanburg, SC",12289989.87,3810534.574,132.904,27.654,2.41,2.15
44060,"Spokane, WA",21098929.13,2150556.426,226.924,18.869,0.79,0.86
44100,"Springfield, IL",8877633.565,330867.0345,114.092,3.439,0.29,0.31
44140,"Springfield, MA",26641431.86,3239810.165,299.233,31.343,0.94,1.08
44180,"Springfield, MO",16300438.28,1835077.016,210.342,18.193,0.87,0.89
44220,"Springfield, OH",4204822.917,850222.5399,54.343,7.749,1.57,1.47
44300,"State College, PA",6573354.336,434105.8957,75.773,4.525,0.51,0.62
44700,"Stockton, CA",23531458.17,2460925.821,235.285,21.935,0.81,0.96
44940,"Sumter, SC",3566941.711,826349.5018,45.295,7.939,1.8,1.81
45060,"Syracuse, NY",31553855.26,4461275.976,324.208,32.725,1.1,1.04
45220,"Tallahassee, FL",15777192.7,444120.5503,181.704,4.564,0.22,0.26
45300,"Tampa-St. Petersburg-Clearwater, FL",135881448.5,8972747.899,1258.484,75.854,0.51,0.62
45460,"Terre Haute, IN",6639132.924,1840357.139,76.839,12.403,2.15,1.67
45500,"Texarkana, TX-Texarkana, AR",4654052.447,522431.3143,59.236,4.977,0.87,0.87
45780,"Toledo, OH",32559686.31,8320501.394,331.263,47.891,1.98,1.49
45820,"Topeka, KS",10417206.04,698049.7374,115.737,7.299,0.52,0.65
45940,"Trenton-Ewing, NJ",27087707.59,868849.5232,241.014,9.127,0.25,0.39
46060,"Tucson, AZ",39833237.22,3422704.262,395.597,27.548,0.67,0.72
46140,"Tulsa, OK",52600828.48,7998891.304,449.172,51.732,1.18,1.19
46220,"Tuscaloosa, AL",10159689.53,2602356.56,101.113,15.401,1.99,1.57
46340,"Tyler, TX",9196564.79,1610184.861,99.593,8.902,1.36,0.92
46520,"Honolulu, HI",56467664.09,1122167.332,509.684,11.844,0.15,0.24
46540,"Utica-Rome, NY",10299111.75,1208459.729,134.92,12.88,0.91,0.99
46660,"Valdosta, GA",4802085.239,613133.4121,62.867,5.743,0.99,0.94
46700,"Vallejo-Fairfield, CA",15854968.96,2450768.038,140.836,10.616,1.2,0.78
47020,"Victoria, TX",6234415.243,2032260.753,54.763,5.806,2.53,1.09
47220,"Vineland-Millville-Bridgeton, NJ",5760951.664,883873.2743,65.51,9.081,1.19,1.43
47260,"Virginia Beach-Norfolk-Newport News, VA-NC",92507022.07,9208441.801,885.96,57.73,0.77,0.67
47300,"Visalia-Porterville, CA",12766055.24,1324048.033,153.78,11.987,0.8,0.8
47380,"Waco, TX",9166680.439,2150050.053,110.063,15.554,1.82,1.46
47580,"Warner Robins, GA",5702649.177,673998.197,64.533,5.468,0.92,0.87
47900,"Washington-Arlington-Alexandria, DC-VA-MD-WV",448770175,11026496.44,3093.258,63.137,0.19,0.21
47940,"Waterloo-Cedar Falls, IA",8725039.987,2883878.508,92.993,16.674,2.57,1.85
48140,"Wausau, WI",6655052.309,1725104.438,78.579,17.841,2.01,2.34
48260,"Weirton-Steubenville, WV-OH",4327231.458,957078.615,48.979,8.202,1.72,1.73
48300,"Wenatchee, WA",4304340.802,237051.6168,50.531,2.373,0.43,0.48
48540,"Wheeling, WV-OH",5848129.315,616349.98,70.37,4.346,0.82,0.64
48620,"Wichita, KS",32422876.58,11667320.8,312.714,65.45,2.79,2.16
48660,"Wichita Falls, TX",5861945.224,1132204.176,71.743,8.193,1.5,1.18
48700,"Williamsport, PA",4240066.065,1035748.49,55.234,10.363,1.9,1.94
48900,"Wilmington, NC",15175306.13,1975721.805,150.436,9.088,1.01,0.62
49020,"Winchester, VA-WV",5400994.789,1183247.696,60.072,8.777,1.7,1.51
49180,"Winston-Salem, NC",24966134.24,7606623.402,221.401,26.744,2.36,1.25
49340,"Worcester, MA",33554239.78,5959145.013,336.172,41.174,1.38,1.26
49420,"Yakima, WA",8209665.335,876108.1136,99.318,8.857,0.83,0.92
49620,"York-Hanover, PA",17699688.89,4182673.236,187.104,37.419,1.83,2.06
49660,"Youngstown-Warren-Boardman, OH-PA",21267681.89,5728500.976,243.795,36.282,2.09,1.54
49700,"Yuba City, CA",4827972.422,305870.4465,52.438,2.504,0.49,0.49
49740,"Yuma, AZ",5848684.328,342397.9931,71.604,2.667,0.45,0.38